employee_id,department,job_title,salary,hire_date,manager_id,location,years_of_experience,performance_rating,team_size
1,Human Resources,Quality Engineer,105464.16,3/30/2016,1,Suite 29,5,4,92
2,Training,Cost Accountant,78673.97,9/14/2007,2,Suite 4,26,5,8
3,Accounting,Graphic Designer,115594.09,7/19/2001,3,PO Box 76170,7,3,38
4,Sales,Programmer I,146331.14,8/7/2000,4,Suite 89,27,5,48
5,Product Management,Assistant Professor,144410.86,8/27/2004,5,Apt 1488,27,3,89
6,Training,Senior Cost Accountant,48499.36,3/5/2001,6,PO Box 2642,1,4,35
7,Services,VP Quality Control,92196.03,5/9/2022,7,Room 460,7,5,100
8,Product Management,Budget/Accounting Analyst II,116043.82,9/11/2010,8,Suite 35,17,2,38
9,Marketing,Dental Hygienist,48334.28,7/24/2022,9,Suite 41,12,4,22
10,Human Resources,Desktop Support Technician,46036.91,3/9/2021,10,Room 440,13,4,15
11,Support,Tax Accountant,50762.36,3/2/2012,11,PO Box 91848,8,1,35
12,Human Resources,Executive Secretary,72276.22,2/1/2009,12,4th Floor,28,5,75
13,Support,Operator,99451.15,5/6/2018,13,9th Floor,28,2,50
14,Support,Senior Editor,105830.24,10/23/2012,14,PO Box 32490,16,2,62
15,Legal,GIS Technical Architect,87802.92,3/13/2007,15,20th Floor,19,1,56
16,Legal,Office Assistant III,41627.9,4/16/2007,16,15th Floor,8,2,62
17,Accounting,Safety Technician IV,140709.81,12/8/2020,17,Apt 657,14,1,58
18,Support,Junior Executive,93911.72,6/25/2001,18,PO Box 66203,18,1,10
19,Sales,Staff Accountant I,129343.7,9/27/2012,19,Suite 1,2,4,34
20,Training,Recruiter,49765.29,1/12/2015,20,12th Floor,30,1,81
21,Research and Development,Account Executive,81495.14,12/3/2000,21,Room 1598,6,2,4
22,Business Development,Marketing Manager,75419.57,9/29/2022,22,Room 25,11,4,76
23,Legal,Senior Sales Associate,37531.14,2/4/2022,23,Suite 5,7,4,79
24,Engineering,Office Assistant II,124199.22,2/25/2005,24,Suite 3,16,3,37
25,Sales,Automation Specialist IV,56215.49,1/27/2000,25,Apt 786,28,2,45
26,Research and Development,Health Coach I,38818.18,4/6/2000,26,Apt 309,30,1,96
27,Research and Development,GIS Technical Architect,51619.07,4/3/2019,27,Suite 31,7,3,45
28,Human Resources,Environmental Specialist,51570.62,7/23/2008,28,Apt 589,12,2,56
29,Product Management,Software Engineer I,98714.99,5/3/2019,29,Room 1503,19,1,95
30,Support,Desktop Support Technician,101255.59,3/11/2014,30,Suite 45,3,3,64
31,Training,Programmer IV,74520.13,3/8/2009,31,Room 178,27,2,75
32,Legal,Food Chemist,59885.64,8/15/2017,32,Suite 89,7,2,12
33,Legal,Design Engineer,133557.25,11/6/2018,33,PO Box 38576,21,2,3
34,Training,Quality Control Specialist,139075.59,4/16/2012,34,PO Box 22455,22,3,70
35,Support,Senior Financial Analyst,37793.47,11/29/2013,35,Room 1162,17,5,97
36,Support,Mechanical Systems Engineer,149861.97,1/25/2010,36,Room 1472,27,2,26
37,Engineering,Marketing Assistant,108705.11,5/25/2007,37,Apt 819,10,3,6
38,Research and Development,Senior Quality Engineer,57363.64,1/29/2005,38,Apt 305,22,2,13
39,Legal,Help Desk Technician,56491.23,9/24/2009,39,Room 286,18,1,55
40,Marketing,Senior Financial Analyst,75515.29,6/24/2019,40,Suite 49,16,4,41
41,Training,Administrative Officer,87662.76,4/30/2022,41,Suite 87,0,5,80
42,Product Management,Web Developer II,89270.91,5/3/2013,42,9th Floor,27,2,13
43,Training,Recruiting Manager,40385.97,3/27/2012,43,5th Floor,19,1,71
44,Training,Quality Control Specialist,135174.82,10/3/2011,44,Apt 1771,2,1,11
45,Marketing,Internal Auditor,90267.83,2/12/2001,45,PO Box 77920,25,2,24
46,Research and Development,Environmental Specialist,109454.64,6/8/2020,46,Apt 520,25,3,71
47,Accounting,Senior Sales Associate,85455.71,9/15/2005,47,PO Box 19203,24,3,35
48,Sales,Human Resources Manager,109674.86,6/23/2008,48,Room 581,26,1,40
49,Human Resources,Pharmacist,46283.23,12/30/2011,49,Suite 33,28,4,21
50,Product Management,Staff Scientist,74232.04,9/23/2018,50,1st Floor,4,5,27
51,Research and Development,Paralegal,149561.85,1/2/2019,51,PO Box 13262,15,5,28
52,Support,Actuary,115995.44,11/27/2003,52,PO Box 61484,4,5,17
53,Business Development,Social Worker,102090.04,2/18/2013,53,10th Floor,1,4,7
54,Human Resources,Technical Writer,86948.23,5/31/2005,54,PO Box 16589,15,1,100
55,Human Resources,VP Accounting,83552.92,10/24/2012,55,Apt 1021,6,3,4
56,Business Development,Accounting Assistant II,98723.86,5/28/2004,56,Suite 29,20,3,7
57,Engineering,Recruiter,116703.9,6/25/2007,57,Suite 78,8,3,67
58,Accounting,Compensation Analyst,41975.2,11/3/2005,58,Suite 97,1,5,97
59,Engineering,Quality Engineer,85508.2,7/23/2012,59,Suite 15,18,5,62
60,Engineering,Junior Executive,145634.31,12/30/2004,60,Suite 63,19,4,61
61,Legal,Payment Adjustment Coordinator,95979.34,9/3/2003,61,PO Box 31682,30,5,32
62,Human Resources,Information Systems Manager,142536.61,12/8/2020,62,Apt 1626,14,4,45
63,Research and Development,Biostatistician I,115714.68,4/8/2015,63,Apt 1181,3,4,82
64,Product Management,Chief Design Engineer,66837.98,2/24/2014,64,Room 1830,13,5,56
65,Engineering,Community Outreach Specialist,106090.52,10/15/2005,65,8th Floor,23,5,63
66,Training,Help Desk Technician,100725.15,7/14/2007,66,Room 1871,26,4,3
67,Accounting,Senior Developer,114215.96,10/25/2000,67,PO Box 38734,23,4,80
68,Marketing,Director of Sales,68620.83,11/11/2011,68,13th Floor,10,2,89
69,Accounting,Associate Professor,148980.27,8/11/2001,69,3rd Floor,19,4,17
70,Research and Development,Occupational Therapist,55277.48,8/19/2012,70,Room 1499,4,5,32
71,Support,Financial Advisor,84815.2,1/24/2004,71,Suite 57,20,1,65
72,Marketing,Technical Writer,105342.14,10/30/2013,72,10th Floor,7,1,39
73,Business Development,Geologist II,144180.51,6/6/2009,73,Room 1317,22,5,48
74,Research and Development,Environmental Tech,56045.77,11/5/2014,74,15th Floor,6,1,51
75,Marketing,Chemical Engineer,51807.35,7/20/2018,75,Room 202,3,4,39
76,Support,Help Desk Operator,60715.77,12/19/2000,76,14th Floor,5,1,47
77,Training,Senior Cost Accountant,53141.14,5/11/2013,77,3rd Floor,19,5,69
78,Product Management,Database Administrator I,123901.45,12/21/2016,78,Apt 1450,5,4,80
79,Legal,Civil Engineer,89885.7,9/16/2010,79,Room 948,30,4,62
80,Human Resources,Help Desk Operator,96968.64,10/12/2000,80,PO Box 96001,9,1,62
81,Marketing,Programmer Analyst III,133285.89,4/29/2015,81,Room 1526,30,3,9
82,Services,Research Nurse,43903.37,12/4/2010,82,3rd Floor,15,2,65
83,Business Development,Safety Technician IV,132251.98,10/7/2008,83,7th Floor,7,1,75
84,Sales,Staff Scientist,145934.56,3/17/2014,84,PO Box 20595,19,3,99
85,Engineering,Geologist IV,67783.91,12/3/2002,85,Suite 85,23,4,8
86,Legal,Chemical Engineer,61975.97,11/24/2009,86,Room 346,21,2,25
87,Human Resources,Graphic Designer,40872.79,12/17/2016,87,18th Floor,23,4,89
88,Business Development,Physical Therapy Assistant,54408.17,1/14/2017,88,Apt 1364,27,1,22
89,Sales,Dental Hygienist,87082.97,4/5/2011,89,2nd Floor,7,2,74
90,Accounting,Software Test Engineer III,54161.46,2/15/2004,90,PO Box 5070,12,5,100
91,Business Development,Environmental Specialist,119642.06,9/30/2008,91,15th Floor,21,4,81
92,Engineering,VP Marketing,85349.8,8/4/2001,92,19th Floor,7,5,84
93,Services,Software Test Engineer II,104565.44,7/26/2000,93,Room 867,14,2,29
94,Accounting,Administrative Assistant III,40013.33,1/9/2007,94,Apt 477,9,3,82
95,Accounting,Compensation Analyst,60478.8,3/29/2020,95,Room 385,30,3,78
96,Training,Cost Accountant,59486.66,9/21/2005,96,PO Box 37497,18,3,13
97,Research and Development,Assistant Manager,93894.07,6/21/2009,97,PO Box 61109,16,1,97
98,Legal,Junior Executive,91677.05,5/15/2003,98,3rd Floor,4,1,67
99,Sales,Account Coordinator,38832.83,3/2/2020,99,PO Box 62721,18,3,25
100,Sales,Staff Accountant II,129094.81,6/14/2016,100,Suite 81,23,3,84
101,Accounting,Systems Administrator II,121497.63,8/8/2005,101,PO Box 29020,3,4,72
102,Product Management,Teacher,121435.24,9/25/2011,102,Suite 94,27,5,85
103,Sales,Account Coordinator,35387.53,5/30/2009,103,Suite 44,18,3,45
104,Sales,Research Nurse,145590.5,4/9/2017,104,Apt 1001,5,1,36
105,Product Management,Account Coordinator,64640.28,9/2/2004,105,Apt 1352,24,4,82
106,Training,Clinical Specialist,66311.35,5/17/2014,106,Apt 687,3,3,54
107,Business Development,Desktop Support Technician,125544.47,10/15/2019,107,Room 52,15,4,73
108,Accounting,Civil Engineer,91498.32,3/21/2000,108,Suite 45,9,3,68
109,Legal,Compensation Analyst,125799.92,10/22/2009,109,PO Box 87514,27,1,11
110,Support,Health Coach IV,113823.97,10/9/2001,110,15th Floor,30,5,9
111,Marketing,Statistician I,148516.65,1/23/2019,111,1st Floor,19,2,28
112,Business Development,Human Resources Assistant II,114741.54,3/17/2012,112,Apt 739,21,1,84
113,Marketing,Editor,112266.96,11/1/2002,113,Room 1814,22,1,92
114,Training,Staff Scientist,93154.69,9/2/2021,114,19th Floor,4,2,31
115,Product Management,Research Associate,87428.67,2/22/2006,115,Suite 47,5,5,100
116,Legal,Physical Therapy Assistant,102800.46,5/3/2015,116,Suite 82,24,3,95
117,Accounting,Community Outreach Specialist,48417.41,4/1/2019,117,Room 463,27,2,94
118,Legal,Health Coach I,86692.47,5/25/2000,118,Room 380,8,4,23
119,Marketing,Sales Representative,107619.27,11/30/2016,119,Apt 1009,6,1,26
120,Research and Development,Senior Sales Associate,105921.16,6/27/2022,120,17th Floor,28,4,34
121,Accounting,Dental Hygienist,143183.31,1/2/2009,121,Room 54,26,2,69
122,Product Management,Marketing Manager,94296.12,6/21/2011,122,Suite 67,5,2,58
123,Engineering,Sales Associate,142245.71,5/23/2018,123,Room 124,13,2,100
124,Human Resources,Teacher,84632.98,10/17/2016,124,Room 770,4,1,28
125,Human Resources,Executive Secretary,34535.22,8/23/2008,125,Room 1742,9,4,93
126,Support,Biostatistician III,42477.05,3/15/2006,126,Apt 797,14,1,9
127,Research and Development,Paralegal,52950.45,11/10/2006,127,Suite 93,9,1,13
128,Marketing,Director of Sales,65773.39,3/9/2022,128,PO Box 86057,15,3,50
129,Business Development,Chemical Engineer,48859.04,8/30/2014,129,PO Box 74116,3,2,20
130,Business Development,Project Manager,84059.5,4/26/2007,130,Room 1851,20,3,14
131,Marketing,Research Associate,52594.51,10/9/2021,131,Suite 83,13,4,6
132,Human Resources,Chief Design Engineer,75568.22,12/23/2018,132,Room 1472,16,1,90
133,Human Resources,Quality Engineer,39267.44,10/20/2001,133,Room 1279,7,3,40
134,Support,Product Engineer,109083.33,7/24/2015,134,PO Box 10475,6,5,41
135,Product Management,Senior Financial Analyst,122027.78,2/23/2005,135,Suite 22,18,3,97
136,Support,Assistant Manager,56779.92,4/24/2013,136,PO Box 49353,25,1,38
137,Sales,Engineer III,129599.0,7/6/2021,137,Suite 3,2,5,69
138,Support,VP Quality Control,85200.17,11/26/2006,138,6th Floor,0,4,15
139,Human Resources,Senior Developer,144288.62,7/10/2003,139,PO Box 15168,24,5,38
140,Accounting,Programmer IV,114523.82,1/28/2012,140,Suite 66,21,3,40
141,Legal,Desktop Support Technician,71052.98,5/12/2009,141,Apt 1612,7,4,61
142,Engineering,Recruiter,35322.59,10/9/2007,142,20th Floor,21,1,18
143,Training,Chief Design Engineer,92427.69,6/30/2000,143,Apt 1942,14,2,17
144,Marketing,Recruiting Manager,96543.67,10/1/2003,144,Suite 37,3,5,38
145,Accounting,Web Designer III,65730.36,6/23/2018,145,Apt 122,29,3,98
146,Engineering,Nurse,64469.02,4/8/2000,146,Apt 214,10,4,71
147,Accounting,Software Consultant,121770.05,8/4/2007,147,Suite 65,8,4,58
148,Services,Physical Therapy Assistant,79671.45,2/8/2017,148,18th Floor,25,5,29
149,Legal,Nurse,67990.52,3/5/2010,149,Apt 881,4,5,86
150,Training,Quality Control Specialist,124617.56,5/20/2003,150,Apt 1104,5,1,39
151,Accounting,Speech Pathologist,38295.62,12/3/2002,151,Suite 21,14,4,86
152,Business Development,Senior Financial Analyst,52347.91,9/28/2000,152,Room 20,30,5,9
153,Legal,Administrative Assistant III,128337.88,2/20/2005,153,Apt 518,1,5,58
154,Legal,Help Desk Operator,54049.57,1/25/2011,154,Room 14,3,3,68
155,Human Resources,Dental Hygienist,85098.36,3/29/2015,155,Suite 96,24,5,72
156,Product Management,Occupational Therapist,41823.14,8/23/2018,156,Room 678,18,5,48
157,Marketing,Administrative Assistant I,93519.85,2/6/2012,157,Room 1690,3,3,64
158,Engineering,Civil Engineer,40265.46,5/27/2007,158,Apt 840,30,5,62
159,Business Development,Office Assistant III,80442.18,8/29/2017,159,Apt 747,6,1,6
160,Services,Legal Assistant,136525.0,11/14/2011,160,PO Box 70106,4,4,77
161,Human Resources,Help Desk Operator,119826.52,5/6/2000,161,Suite 66,1,4,48
162,Engineering,Project Manager,112721.65,3/9/2020,162,4th Floor,17,1,25
163,Research and Development,Compensation Analyst,56812.33,2/3/2011,163,7th Floor,1,3,68
164,Engineering,Nurse Practicioner,62668.26,12/31/2013,164,10th Floor,12,2,44
165,Services,Product Engineer,70721.46,2/16/2002,165,Suite 12,7,3,36
166,Product Management,Nuclear Power Engineer,130215.77,3/29/2014,166,Apt 1187,15,4,61
167,Sales,Web Designer III,95329.31,8/7/2016,167,Suite 9,15,4,12
168,Accounting,Sales Representative,34612.04,9/3/2001,168,Suite 75,28,2,43
169,Research and Development,Analyst Programmer,31193.37,12/10/2015,169,PO Box 12776,28,2,28
170,Sales,Executive Secretary,91437.62,8/27/2001,170,Room 1297,5,4,99
171,Services,Analog Circuit Design manager,147469.72,6/24/2010,171,Suite 7,16,2,4
172,Services,Programmer Analyst I,106851.55,4/16/2009,172,Suite 18,28,2,33
173,Support,Web Designer II,72835.84,3/14/2000,173,Room 1972,29,5,11
174,Product Management,Clinical Specialist,110534.54,10/20/2008,174,PO Box 18687,12,3,95
175,Services,Sales Representative,69742.01,1/8/2022,175,PO Box 91856,2,2,19
176,Training,VP Quality Control,32712.67,5/21/2002,176,Apt 1230,2,5,78
177,Accounting,Occupational Therapist,137932.85,3/20/2020,177,Room 602,27,5,87
178,Legal,VP Product Management,119323.3,9/5/2010,178,Suite 62,21,3,29
179,Services,Dental Hygienist,35922.28,6/24/2020,179,Room 1905,24,1,9
180,Training,Senior Quality Engineer,50643.08,1/8/2019,180,Room 732,14,1,29
181,Sales,Structural Engineer,71148.89,3/15/2005,181,Suite 47,19,5,37
182,Support,Account Executive,69295.35,6/20/2006,182,Room 626,0,5,99
183,Marketing,Technical Writer,147424.4,10/24/2006,183,Suite 79,15,3,37
184,Engineering,Biostatistician III,147298.04,3/30/2002,184,Apt 1057,8,3,9
185,Engineering,Community Outreach Specialist,64348.78,5/28/2015,185,Room 286,6,3,8
186,Engineering,Administrative Assistant III,67032.18,2/9/2021,186,6th Floor,14,1,92
187,Accounting,Software Consultant,140523.98,8/24/2015,187,Apt 1536,30,2,59
188,Product Management,Environmental Tech,30112.67,1/22/2014,188,Apt 1598,0,2,51
189,Services,Structural Engineer,78865.38,10/16/2011,189,Apt 375,2,3,1
190,Training,Executive Secretary,111455.21,12/26/2020,190,Room 1187,24,1,5
191,Research and Development,Administrative Assistant II,118026.76,3/12/2003,191,Apt 206,5,4,42
192,Engineering,Community Outreach Specialist,128708.48,4/12/2003,192,PO Box 83144,30,1,85
193,Sales,Research Nurse,48460.61,1/15/2003,193,Room 448,19,3,43
194,Services,Software Engineer III,111758.77,8/6/2004,194,Room 526,5,4,36
195,Support,Food Chemist,49554.98,2/9/2016,195,Suite 99,13,4,53
196,Product Management,Senior Developer,56847.46,8/25/2016,196,PO Box 4157,6,2,56
197,Training,Assistant Media Planner,143490.26,5/4/2016,197,17th Floor,25,5,4
198,Research and Development,VP Sales,79031.49,5/12/2016,198,PO Box 65386,17,3,61
199,Legal,Food Chemist,104718.96,3/2/2003,199,Apt 1981,2,4,64
200,Research and Development,Nurse,149620.93,7/18/2003,200,Room 583,22,4,55
201,Research and Development,Research Nurse,56608.68,9/22/2016,201,7th Floor,14,4,7
202,Accounting,Payment Adjustment Coordinator,68233.09,11/25/2002,202,Room 204,4,4,50
203,Accounting,Health Coach III,90923.36,6/5/2013,203,Apt 1791,5,2,26
204,Research and Development,Registered Nurse,56619.57,2/5/2002,204,6th Floor,25,1,1
205,Accounting,VP Accounting,76799.08,5/11/2019,205,1st Floor,28,2,23
206,Training,Programmer Analyst I,117827.71,12/27/2009,206,Suite 41,10,1,59
207,Legal,Software Consultant,100365.9,3/3/2016,207,Suite 37,3,5,30
208,Legal,Graphic Designer,51630.21,5/29/2007,208,Room 705,26,3,97
209,Training,Human Resources Manager,77347.99,4/7/2001,209,9th Floor,16,5,87
210,Human Resources,Professor,70063.92,5/22/2011,210,PO Box 23353,2,3,30
211,Legal,Health Coach III,138316.8,7/18/2006,211,Room 33,1,2,75
212,Engineering,Media Manager I,138779.69,3/23/2017,212,PO Box 52126,12,2,60
213,Engineering,Desktop Support Technician,93647.8,5/26/2018,213,Suite 85,28,1,65
214,Business Development,Software Engineer III,63205.49,11/23/2012,214,Room 1020,30,1,98
215,Marketing,Biostatistician III,134742.61,10/13/2007,215,Apt 337,20,5,47
216,Sales,Chief Design Engineer,103161.55,11/24/2018,216,PO Box 53423,7,3,86
217,Support,Recruiter,59300.52,9/7/2022,217,Apt 337,21,5,65
218,Human Resources,Analyst Programmer,53922.65,8/16/2022,218,Suite 61,11,3,67
219,Support,Web Developer III,107939.63,7/19/2007,219,11th Floor,0,1,73
220,Engineering,Automation Specialist III,137501.07,2/12/2019,220,Apt 132,27,3,53
221,Sales,Assistant Manager,39147.73,4/11/2006,221,Room 59,2,4,22
222,Support,Information Systems Manager,136399.6,2/22/2010,222,PO Box 30752,17,1,76
223,Business Development,Database Administrator III,138145.9,12/14/2017,223,Room 1621,4,5,71
224,Training,Staff Scientist,65885.43,8/29/2021,224,PO Box 14151,26,2,17
225,Research and Development,Operator,31802.95,1/1/2007,225,Apt 78,10,2,42
226,Research and Development,Programmer Analyst II,126083.22,10/17/2020,226,15th Floor,16,1,99
227,Training,Product Engineer,81827.73,11/19/2010,227,PO Box 9743,6,4,20
228,Legal,Geological Engineer,89847.03,10/3/2021,228,PO Box 95249,28,3,78
229,Legal,Senior Sales Associate,45458.91,6/3/2018,229,5th Floor,15,3,2
230,Product Management,Quality Control Specialist,31402.09,7/10/2015,230,PO Box 44770,5,1,34
231,Accounting,Design Engineer,121601.13,4/25/2011,231,Room 1330,17,4,71
232,Accounting,Librarian,149298.55,7/2/2014,232,12th Floor,5,5,65
233,Support,Nurse,148122.81,6/28/2014,233,PO Box 71453,16,3,56
234,Marketing,Administrative Assistant IV,82437.34,5/14/2016,234,Suite 63,22,1,30
235,Services,General Manager,40511.1,8/11/2003,235,4th Floor,1,2,40
236,Sales,Database Administrator IV,55204.15,5/27/2001,236,Room 1194,24,2,30
237,Accounting,Programmer III,103999.08,5/25/2020,237,Apt 1727,13,5,48
238,Human Resources,Quality Control Specialist,96975.67,11/29/2020,238,PO Box 8428,29,5,76
239,Business Development,Design Engineer,63503.34,10/29/2019,239,Room 1362,21,5,41
240,Engineering,Recruiting Manager,38000.94,3/30/2004,240,Suite 96,12,3,39
241,Product Management,Help Desk Operator,80169.27,3/24/2002,241,PO Box 45123,15,5,41
242,Engineering,Executive Secretary,68891.44,12/12/2015,242,Suite 48,5,5,29
243,Accounting,Staff Accountant I,133050.98,8/21/2002,243,Apt 360,8,4,62
244,Human Resources,Junior Executive,54110.06,2/11/2007,244,PO Box 11387,21,4,56
245,Marketing,Professor,97220.61,2/7/2007,245,Apt 918,8,1,94
246,Support,Assistant Manager,135921.98,5/7/2008,246,Room 310,5,2,86
247,Engineering,Software Test Engineer II,145304.79,11/25/2011,247,Apt 1717,21,1,2
248,Accounting,Help Desk Technician,81566.9,4/27/2020,248,Suite 49,26,5,68
249,Business Development,Graphic Designer,80145.61,5/29/2020,249,19th Floor,1,3,16
250,Support,Librarian,146237.89,8/1/2004,250,PO Box 89136,25,1,25
251,Legal,Design Engineer,81491.38,11/15/2019,251,6th Floor,19,4,26
252,Training,VP Product Management,90914.8,12/4/2006,252,PO Box 71737,25,4,48
253,Marketing,Recruiter,56181.16,4/1/2006,253,3rd Floor,28,2,31
254,Legal,Executive Secretary,87817.12,2/4/2017,254,3rd Floor,26,2,53
255,Sales,Computer Systems Analyst I,90052.86,10/31/2010,255,Room 1300,13,3,9
256,Research and Development,VP Accounting,86120.29,5/29/2009,256,13th Floor,16,2,68
257,Product Management,Systems Administrator I,134623.57,8/31/2005,257,PO Box 42788,12,3,54
258,Sales,Media Manager IV,77406.55,12/31/2008,258,Apt 305,3,3,53
259,Marketing,Research Associate,97202.58,5/12/2004,259,Room 1529,30,3,18
260,Engineering,Staff Accountant IV,116003.15,5/10/2012,260,Suite 41,20,4,34
261,Human Resources,Recruiting Manager,71622.9,3/6/2012,261,Apt 1726,25,1,79
262,Engineering,VP Marketing,124032.5,1/21/2012,262,PO Box 64854,29,4,95
263,Legal,Account Executive,129020.2,7/8/2020,263,6th Floor,19,1,57
264,Accounting,Office Assistant III,69507.39,11/29/2008,264,Apt 744,7,5,26
265,Training,Accountant III,63780.66,2/28/2018,265,PO Box 58851,20,2,100
266,Business Development,Senior Sales Associate,43365.41,2/6/2001,266,PO Box 69616,21,2,11
267,Marketing,Assistant Media Planner,92188.87,4/13/2009,267,Suite 15,29,5,1
268,Marketing,Software Engineer II,116335.67,5/16/2003,268,Room 780,12,3,3
269,Business Development,Executive Secretary,142502.45,5/10/2011,269,Suite 92,20,1,42
270,Accounting,Librarian,89025.94,12/10/2013,270,Room 379,13,2,59
271,Support,Office Assistant II,41679.56,10/15/2014,271,Room 1044,29,5,40
272,Support,Quality Control Specialist,83786.98,3/28/2014,272,12th Floor,19,5,67
273,Training,Geologist III,129863.09,10/19/2014,273,Apt 1370,27,3,9
274,Human Resources,Programmer I,37694.69,10/21/2020,274,Suite 74,30,3,78
275,Marketing,Desktop Support Technician,82402.61,7/1/2001,275,Apt 1873,19,2,98
276,Training,Environmental Specialist,67181.61,1/26/2014,276,Apt 59,18,4,45
277,Human Resources,Budget/Accounting Analyst II,39503.14,3/19/2006,277,Room 1144,6,1,37
278,Human Resources,Analyst Programmer,124289.28,2/24/2001,278,PO Box 18333,10,5,98
279,Human Resources,Occupational Therapist,94943.93,12/17/2016,279,Room 1718,28,3,58
280,Human Resources,Chief Design Engineer,76491.07,10/12/2014,280,4th Floor,14,2,50
281,Research and Development,Internal Auditor,39635.65,7/24/2007,281,PO Box 87904,30,4,35
282,Legal,Registered Nurse,124486.04,4/18/2002,282,Room 847,28,5,79
283,Training,Nurse,50062.28,1/30/2017,283,PO Box 90567,23,5,37
284,Support,Research Assistant III,103428.8,6/8/2013,284,Apt 1224,10,2,62
285,Product Management,Senior Editor,101704.81,10/14/2010,285,Room 1287,29,4,43
286,Legal,Statistician III,120237.33,3/16/2015,286,Room 1853,20,5,65
287,Business Development,Nuclear Power Engineer,32385.66,12/27/2003,287,PO Box 76579,17,2,74
288,Accounting,Systems Administrator III,74165.56,5/17/2020,288,Suite 18,11,2,14
289,Services,Senior Quality Engineer,116089.63,5/29/2013,289,Room 417,16,1,59
290,Support,Help Desk Technician,79428.75,8/27/2004,290,12th Floor,29,2,49
291,Business Development,Internal Auditor,143195.29,9/3/2000,291,Suite 5,3,2,28
292,Services,Account Coordinator,95230.95,7/19/2020,292,Apt 151,22,2,51
293,Business Development,Sales Associate,62267.82,7/13/2016,293,12th Floor,27,3,62
294,Accounting,Account Executive,100369.48,1/4/2007,294,Suite 97,16,4,30
295,Sales,Systems Administrator III,73122.93,10/28/2004,295,PO Box 76762,3,3,68
296,Business Development,Executive Secretary,49113.33,11/22/2002,296,Room 194,22,5,14
297,Sales,Structural Engineer,124195.43,5/8/2018,297,Apt 514,2,5,70
298,Sales,Web Developer III,99795.65,3/13/2011,298,Room 1389,3,5,30
299,Engineering,Physical Therapy Assistant,103889.22,3/24/2002,299,Room 267,7,1,53
300,Legal,Administrative Assistant II,85944.23,11/13/2008,300,9th Floor,26,5,84
301,Sales,Senior Sales Associate,60577.26,2/19/2014,301,Apt 371,5,5,39
302,Training,Technical Writer,114630.56,11/24/2018,302,20th Floor,18,1,55
303,Sales,Programmer Analyst II,135022.45,5/23/2001,303,17th Floor,19,2,22
304,Support,Executive Secretary,52370.51,4/30/2022,304,5th Floor,28,5,6
305,Training,Nurse,32624.71,2/21/2003,305,Room 300,14,2,31
306,Sales,Environmental Specialist,34571.9,6/20/2015,306,16th Floor,0,5,3
307,Marketing,Data Coordinator,82102.05,7/8/2007,307,PO Box 14366,23,2,20
308,Training,Cost Accountant,109370.75,5/14/2002,308,5th Floor,9,5,25
309,Sales,Tax Accountant,126646.16,6/19/2009,309,Room 656,26,3,1
310,Business Development,VP Marketing,105636.72,7/8/2013,310,Suite 41,6,5,51
311,Accounting,Help Desk Technician,41388.58,11/15/2008,311,14th Floor,9,4,66
312,Business Development,Staff Scientist,46798.69,11/4/2006,312,PO Box 12764,18,2,65
313,Services,Legal Assistant,68535.68,11/21/2001,313,Room 128,19,4,40
314,Accounting,Safety Technician II,146339.84,8/21/2013,314,Apt 725,0,3,59
315,Training,Teacher,77428.9,5/14/2019,315,Suite 8,11,3,43
316,Legal,Administrative Assistant II,106859.85,6/20/2003,316,Room 764,7,3,81
317,Marketing,Administrative Assistant III,116038.02,8/20/2016,317,Suite 25,15,2,75
318,Marketing,Food Chemist,92863.35,1/5/2016,318,Apt 1831,22,4,7
319,Engineering,VP Marketing,81198.73,6/1/2001,319,Suite 68,6,4,25
320,Product Management,Safety Technician IV,81095.75,9/22/2015,320,Room 980,26,3,49
321,Training,Safety Technician I,30904.28,11/7/2010,321,PO Box 48650,11,3,77
322,Accounting,Budget/Accounting Analyst III,64374.25,5/30/2015,322,PO Box 64810,4,2,17
323,Services,Sales Associate,134168.28,4/7/2008,323,Room 269,28,3,2
324,Marketing,Human Resources Assistant III,38444.51,11/22/2005,324,16th Floor,0,3,29
325,Engineering,Account Representative I,118313.84,12/19/2021,325,PO Box 95478,25,5,48
326,Human Resources,Tax Accountant,131244.56,5/24/2015,326,Suite 19,30,2,79
327,Accounting,Health Coach IV,37974.2,5/4/2001,327,Suite 12,0,1,46
328,Marketing,Sales Representative,54432.89,12/18/2006,328,PO Box 26600,0,3,26
329,Training,Geological Engineer,118285.03,8/11/2017,329,Apt 756,9,5,45
330,Services,Quality Engineer,48005.39,12/10/2011,330,PO Box 12877,8,1,86
331,Legal,Teacher,94381.52,4/11/2004,331,2nd Floor,21,2,69
332,Accounting,Business Systems Development Analyst,48611.62,9/24/2020,332,Suite 12,13,4,38
333,Training,Web Developer IV,139686.28,4/1/2000,333,7th Floor,6,3,43
334,Services,Operator,86444.91,8/14/2013,334,13th Floor,24,4,89
335,Engineering,Software Engineer III,149614.15,8/19/2009,335,Room 543,0,2,91
336,Services,Graphic Designer,54834.86,8/18/2006,336,19th Floor,2,4,20
337,Business Development,Health Coach I,45644.93,11/14/2012,337,Apt 761,10,1,65
338,Marketing,Senior Financial Analyst,45191.87,8/19/2019,338,PO Box 74341,16,5,22
339,Training,Senior Cost Accountant,39980.21,6/8/2005,339,Suite 52,6,2,22
340,Training,Media Manager II,60535.52,12/18/2021,340,Apt 1616,7,1,97
341,Human Resources,Desktop Support Technician,117198.93,5/7/2016,341,Suite 83,18,4,71
342,Product Management,Senior Editor,48567.03,12/26/2009,342,Apt 1882,30,3,75
343,Training,Registered Nurse,96991.2,5/12/2008,343,Apt 1727,25,5,80
344,Sales,VP Marketing,108147.95,12/9/2015,344,12th Floor,13,5,50
345,Legal,Geological Engineer,84444.24,10/29/2006,345,PO Box 99849,9,1,85
346,Accounting,VP Marketing,68627.96,8/31/2005,346,Room 1687,27,3,82
347,Research and Development,Graphic Designer,140160.29,1/3/2009,347,Apt 1453,29,3,51
348,Engineering,Civil Engineer,72152.15,12/23/2020,348,11th Floor,20,4,53
349,Legal,Mechanical Systems Engineer,85125.67,6/13/2001,349,1st Floor,12,4,83
350,Marketing,Environmental Specialist,62864.55,1/4/2014,350,PO Box 81113,14,1,84
351,Product Management,Chief Design Engineer,131124.85,8/21/2020,351,Room 707,18,3,10
352,Human Resources,Internal Auditor,46856.27,7/31/2001,352,PO Box 68404,13,1,88
353,Accounting,Pharmacist,56042.0,9/4/2011,353,Room 1979,15,5,96
354,Human Resources,Senior Developer,73800.58,12/22/2019,354,18th Floor,17,1,39
355,Services,VP Sales,33326.5,6/15/2007,355,Room 1667,5,1,31
356,Engineering,Senior Financial Analyst,83669.44,3/2/2001,356,Room 437,8,3,20
357,Marketing,Quality Engineer,65628.63,11/2/2012,357,Suite 17,21,3,52
358,Services,Financial Advisor,70941.4,4/12/2011,358,Apt 1578,5,5,16
359,Training,Internal Auditor,132997.17,8/29/2018,359,19th Floor,12,4,32
360,Services,Speech Pathologist,77123.26,1/9/2002,360,Suite 79,25,4,42
361,Business Development,Help Desk Technician,114297.24,12/21/2013,361,Apt 618,7,2,83
362,Business Development,VP Sales,106791.08,1/4/2011,362,Room 1117,18,2,33
363,Product Management,Technical Writer,119350.81,5/22/2006,363,Suite 92,7,4,48
364,Human Resources,Project Manager,137680.05,9/27/2017,364,2nd Floor,17,1,45
365,Engineering,Office Assistant IV,38336.65,2/3/2017,365,Suite 91,8,5,37
366,Research and Development,Librarian,122565.01,5/21/2004,366,9th Floor,29,5,73
367,Legal,Automation Specialist IV,72456.03,6/11/2014,367,19th Floor,18,4,87
368,Services,Data Coordinator,141411.33,10/9/2017,368,Room 1796,22,1,46
369,Legal,Analyst Programmer,74114.27,1/27/2008,369,11th Floor,12,2,50
370,Human Resources,Information Systems Manager,42888.7,3/17/2021,370,Room 1890,7,4,5
371,Marketing,Software Engineer I,138257.97,5/24/2020,371,PO Box 57323,4,4,20
372,Accounting,Software Test Engineer IV,130151.03,10/28/2021,372,Suite 5,1,2,11
373,Support,Teacher,103420.65,12/29/2012,373,Suite 60,8,2,78
374,Marketing,Data Coordinator,78525.8,12/9/2013,374,PO Box 69270,24,5,36
375,Marketing,Safety Technician I,54199.29,2/12/2020,375,1st Floor,29,2,32
376,Training,Senior Quality Engineer,67683.13,5/9/2011,376,Suite 68,2,2,5
377,Accounting,Research Assistant IV,131677.55,7/25/2012,377,18th Floor,3,5,2
378,Support,Automation Specialist III,60123.97,12/25/2019,378,Suite 56,0,4,88
379,Training,Sales Representative,58985.74,2/21/2007,379,15th Floor,10,1,83
380,Services,Clinical Specialist,129600.67,4/22/2002,380,Room 852,27,2,15
381,Services,Staff Scientist,139061.34,8/1/2011,381,Apt 1508,3,3,94
382,Accounting,Programmer III,125100.75,2/14/2019,382,Suite 44,1,4,21
383,Accounting,VP Product Management,68868.5,2/4/2012,383,PO Box 69859,3,4,95
384,Research and Development,Senior Financial Analyst,37512.43,10/26/2007,384,PO Box 73145,25,3,11
385,Marketing,Developer II,104741.59,10/24/2016,385,Room 1655,7,5,49
386,Marketing,Pharmacist,80940.41,4/5/2021,386,5th Floor,9,3,76
387,Training,Engineer II,66005.65,8/12/2020,387,Room 100,19,4,78
388,Engineering,Senior Developer,71129.87,4/5/2015,388,PO Box 95198,2,2,46
389,Human Resources,Desktop Support Technician,118882.38,11/11/2018,389,9th Floor,12,4,34
390,Sales,Associate Professor,106897.04,12/3/2011,390,Suite 21,9,5,82
391,Services,Project Manager,89272.05,8/8/2021,391,Apt 480,21,2,58
392,Marketing,Senior Cost Accountant,122679.67,3/25/2000,392,Room 621,9,5,32
393,Business Development,Geological Engineer,66703.23,7/31/2012,393,Apt 763,10,5,39
394,Human Resources,Database Administrator I,32233.81,4/5/2004,394,Suite 78,14,1,40
395,Accounting,Statistician III,115788.79,9/4/2009,395,Room 429,21,5,87
396,Engineering,Recruiting Manager,106570.63,2/27/2015,396,12th Floor,11,1,49
397,Services,Quality Engineer,119267.1,8/6/2006,397,Apt 702,29,1,99
398,Sales,VP Product Management,45906.13,4/1/2001,398,Room 1146,22,4,47
399,Legal,Registered Nurse,142932.98,4/10/2010,399,Apt 536,1,3,15
400,Accounting,Web Designer I,66893.03,6/5/2008,400,Apt 1475,19,3,67
401,Accounting,Account Executive,31657.88,2/8/2007,401,Apt 312,20,5,57
402,Engineering,VP Marketing,107245.76,10/21/2008,402,PO Box 45657,5,5,3
403,Training,Analog Circuit Design manager,47245.7,10/24/2021,403,Apt 820,6,3,60
404,Business Development,Mechanical Systems Engineer,107589.5,1/1/2015,404,Suite 10,22,2,27
405,Legal,Office Assistant II,136522.4,10/22/2002,405,Suite 69,29,1,31
406,Accounting,Database Administrator III,139737.83,7/4/2012,406,PO Box 55109,25,3,25
407,Marketing,Librarian,80750.2,7/18/2014,407,PO Box 76584,27,5,43
408,Legal,Nuclear Power Engineer,126275.9,3/9/2009,408,Room 1597,9,3,74
409,Research and Development,Structural Engineer,92336.67,8/23/2013,409,Apt 118,14,2,82
410,Support,Environmental Tech,149355.95,2/27/2011,410,Apt 44,23,5,28
411,Business Development,Research Associate,48102.08,6/4/2006,411,Apt 368,6,2,17
412,Business Development,Environmental Tech,78039.32,5/4/2004,412,PO Box 70255,20,5,8
413,Business Development,Geologist III,64554.62,8/24/2014,413,1st Floor,5,1,50
414,Business Development,Dental Hygienist,85589.69,12/9/2003,414,Apt 890,6,5,93
415,Accounting,Project Manager,49582.04,10/5/2009,415,Suite 88,10,2,94
416,Training,Biostatistician III,103914.18,11/21/2001,416,Suite 27,25,5,57
417,Legal,Social Worker,69839.53,1/25/2017,417,Suite 93,7,2,86
418,Training,Environmental Tech,90383.17,2/4/2003,418,Room 1551,9,3,87
419,Engineering,Director of Sales,95612.44,10/12/2014,419,PO Box 38984,4,1,36
420,Training,Recruiting Manager,108482.43,7/29/2019,420,Apt 1677,25,3,5
421,Sales,Analyst Programmer,47034.08,1/6/2018,421,PO Box 77563,8,2,28
422,Sales,Compensation Analyst,132482.85,7/12/2021,422,Room 1353,11,3,4
423,Sales,Programmer II,47510.71,9/16/2006,423,Apt 795,24,4,51
424,Engineering,Sales Representative,140637.42,6/29/2003,424,PO Box 67582,10,5,9
425,Engineering,Teacher,96806.36,5/11/2004,425,Suite 74,1,4,75
426,Business Development,Mechanical Systems Engineer,43902.61,2/24/2003,426,3rd Floor,4,4,80
427,Sales,Data Coordinator,128496.49,4/21/2012,427,Suite 13,4,1,79
428,Training,Environmental Specialist,48348.11,8/11/2013,428,Room 1866,29,4,100
429,Support,Clinical Specialist,131748.57,10/21/2011,429,Suite 15,30,2,9
430,Business Development,Project Manager,119199.17,10/14/2017,430,Suite 80,6,5,2
431,Training,VP Marketing,103895.14,6/12/2022,431,7th Floor,2,2,2
432,Business Development,Senior Editor,95180.11,8/11/2014,432,Room 1982,14,4,97
433,Business Development,Design Engineer,145529.23,12/13/2003,433,Apt 497,4,5,90
434,Services,Compensation Analyst,132556.58,10/15/2001,434,Room 1135,0,5,46
435,Legal,VP Marketing,124422.58,10/16/2012,435,Apt 1184,13,3,41
436,Engineering,Recruiting Manager,56938.4,11/10/2016,436,Suite 9,13,5,95
437,Legal,Social Worker,129063.63,12/14/2003,437,Room 544,10,4,74
438,Services,Recruiting Manager,138726.46,6/8/2021,438,16th Floor,7,5,93
439,Legal,Administrative Officer,60337.58,4/21/2018,439,13th Floor,30,5,4
440,Human Resources,Geological Engineer,46054.28,2/11/2007,440,Suite 84,27,3,70
441,Legal,Tax Accountant,74356.8,7/12/2015,441,10th Floor,14,3,14
442,Training,Dental Hygienist,51871.22,11/5/2007,442,Room 1890,21,3,58
443,Business Development,Chief Design Engineer,94052.09,9/27/2006,443,Suite 73,12,4,28
444,Human Resources,Sales Representative,130520.66,9/1/2001,444,Room 1263,17,5,35
445,Services,Junior Executive,125965.63,2/5/2019,445,Apt 1812,18,4,61
446,Product Management,Assistant Media Planner,46928.57,1/26/2013,446,Apt 580,30,2,87
447,Business Development,Senior Financial Analyst,34035.24,4/14/2016,447,PO Box 34601,0,3,16
448,Business Development,Environmental Tech,117687.2,12/15/2013,448,PO Box 96640,7,3,41
449,Services,Staff Scientist,98482.99,6/10/2008,449,6th Floor,13,3,91
450,Research and Development,Associate Professor,64128.21,4/21/2022,450,Apt 166,10,2,84
451,Legal,Biostatistician IV,57016.86,6/11/2002,451,Room 1753,11,5,3
452,Business Development,Civil Engineer,31200.98,8/3/2018,452,PO Box 70398,16,5,96
453,Legal,Legal Assistant,40817.08,9/20/2007,453,PO Box 60873,2,4,46
454,Business Development,Sales Associate,125652.45,3/20/2006,454,PO Box 60220,9,5,28
455,Human Resources,Senior Sales Associate,134584.62,10/2/2016,455,Apt 1375,10,2,18
456,Marketing,Product Engineer,122433.8,6/13/2006,456,PO Box 46715,3,2,89
457,Support,Data Coordinator,108098.67,2/14/2012,457,Room 885,0,1,32
458,Marketing,Sales Representative,49870.35,3/30/2002,458,Suite 70,7,2,42
459,Product Management,Professor,83956.49,11/13/2021,459,Suite 96,19,3,64
460,Services,Analog Circuit Design manager,54995.59,1/24/2019,460,8th Floor,16,3,37
461,Business Development,Automation Specialist III,69927.17,12/30/2003,461,Room 1999,11,1,70
462,Services,Graphic Designer,93255.54,1/3/2008,462,Room 1759,29,2,50
463,Business Development,Office Assistant I,141876.44,3/24/2008,463,PO Box 15264,14,1,64
464,Business Development,Project Manager,88988.84,4/10/2019,464,Apt 318,22,2,83
465,Research and Development,Social Worker,60033.03,4/6/2004,465,2nd Floor,16,4,99
466,Marketing,Health Coach III,142436.76,3/27/2021,466,Apt 1612,2,2,65
467,Marketing,Food Chemist,135872.32,12/1/2007,467,Room 7,7,1,23
468,Engineering,Data Coordinator,38873.79,11/28/2010,468,Suite 6,9,2,34
469,Sales,Biostatistician I,75711.69,3/5/2015,469,1st Floor,18,3,49
470,Human Resources,Environmental Specialist,78179.61,7/9/2008,470,Apt 1644,2,3,17
471,Research and Development,Assistant Manager,132534.14,11/28/2008,471,Apt 1412,4,1,41
472,Research and Development,Senior Developer,104296.55,7/16/2019,472,PO Box 88556,20,1,5
473,Accounting,Structural Engineer,82935.71,8/4/2009,473,PO Box 91217,18,5,53
474,Marketing,VP Marketing,78524.65,12/28/2000,474,2nd Floor,1,3,84
475,Engineering,Operator,93058.27,1/18/2013,475,10th Floor,9,3,46
476,Support,Paralegal,106887.96,1/7/2019,476,PO Box 45682,1,5,50
477,Sales,Occupational Therapist,69781.09,12/11/2022,477,PO Box 91047,14,1,60
478,Product Management,Account Executive,86345.44,10/25/2000,478,Room 1371,24,4,43
479,Engineering,VP Quality Control,96553.2,11/29/2005,479,Apt 1396,15,1,37
480,Human Resources,Legal Assistant,45816.05,11/20/2022,480,Suite 76,16,1,2
481,Accounting,Health Coach II,60209.91,7/20/2005,481,Room 1733,2,1,3
482,Training,Environmental Tech,93883.18,12/3/2011,482,Room 109,28,5,95
483,Accounting,Administrative Assistant I,143576.4,3/28/2021,483,Apt 240,26,1,76
484,Human Resources,Professor,34115.42,7/1/2010,484,PO Box 81713,22,5,68
485,Engineering,Professor,140008.47,3/13/2011,485,Suite 45,6,4,71
486,Research and Development,Recruiting Manager,106053.59,6/26/2002,486,Suite 4,18,1,32
487,Support,Desktop Support Technician,134376.16,9/11/2001,487,Apt 228,12,5,79
488,Engineering,Software Test Engineer I,115085.09,3/28/2015,488,Room 229,13,2,74
489,Sales,Clinical Specialist,126917.86,11/4/2022,489,3rd Floor,9,3,28
490,Legal,VP Accounting,32157.28,7/5/2019,490,PO Box 87209,2,2,36
491,Support,Engineer III,30621.51,11/27/2013,491,13th Floor,8,3,3
492,Support,Help Desk Operator,100176.06,5/20/2000,492,Apt 211,1,1,32
493,Engineering,Senior Quality Engineer,124110.1,3/23/2016,493,3rd Floor,24,4,36
494,Research and Development,Analyst Programmer,142451.94,5/9/2001,494,Apt 670,1,1,28
495,Sales,Nurse,78029.57,8/23/2001,495,Apt 275,0,3,46
496,Accounting,Paralegal,123451.11,11/17/2016,496,PO Box 84413,2,1,53
497,Marketing,Computer Systems Analyst II,118620.65,7/31/2016,497,Suite 8,11,2,72
498,Legal,Engineer IV,51457.32,11/5/2014,498,3rd Floor,0,3,82
499,Support,Human Resources Assistant IV,75217.46,9/27/2000,499,20th Floor,19,2,71
500,Accounting,Financial Analyst,105340.87,7/4/2015,500,Suite 78,24,4,8
501,Accounting,Electrical Engineer,59324.37,4/19/2002,501,PO Box 90730,18,2,45
502,Product Management,Account Executive,69918.52,10/11/2011,502,PO Box 19524,5,5,67
503,Support,Senior Sales Associate,63701.77,3/21/2009,503,Apt 1344,27,5,1
504,Training,Assistant Media Planner,86251.96,8/24/2000,504,Room 721,24,3,93
505,Human Resources,Assistant Professor,57406.68,7/14/2003,505,PO Box 1477,26,4,6
506,Training,Help Desk Operator,59939.37,11/16/2006,506,Room 843,27,5,82
507,Training,Research Assistant III,90693.92,7/14/2004,507,Room 848,21,5,60
508,Support,Senior Editor,47077.02,10/25/2013,508,Apt 1173,15,2,82
509,Human Resources,Software Consultant,37051.94,8/1/2000,509,13th Floor,23,3,4
510,Training,Quality Engineer,61383.43,7/16/2021,510,Room 1026,5,5,23
511,Engineering,Assistant Professor,40843.96,9/16/2011,511,Room 1354,2,4,85
512,Sales,Automation Specialist III,30832.93,9/20/2018,512,PO Box 5234,3,5,65
513,Product Management,Senior Editor,59536.79,6/24/2022,513,PO Box 7436,2,5,40
514,Accounting,Senior Sales Associate,104493.22,7/13/2005,514,PO Box 7995,0,1,49
515,Accounting,Media Manager I,47289.26,2/7/2020,515,Room 1963,26,3,2
516,Business Development,Chemical Engineer,86425.44,6/2/2008,516,Room 1647,26,5,56
517,Business Development,Account Coordinator,108237.7,11/15/2020,517,16th Floor,0,3,47
518,Business Development,Civil Engineer,141828.74,2/18/2018,518,Room 1095,8,4,58
519,Accounting,Sales Representative,128056.27,11/26/2006,519,Suite 12,30,5,93
520,Research and Development,VP Accounting,86655.19,10/14/2013,520,Apt 1289,11,4,81
521,Training,Sales Associate,47300.43,11/14/2010,521,Room 1036,1,4,38
522,Research and Development,Computer Systems Analyst III,39270.6,5/5/2016,522,Room 98,2,4,64
523,Accounting,Design Engineer,57477.41,12/2/2021,523,Suite 31,12,2,28
524,Sales,Systems Administrator I,86833.67,4/20/2020,524,Apt 1953,21,3,55
525,Sales,Administrative Assistant IV,96747.38,11/12/2011,525,PO Box 94378,6,4,23
526,Accounting,Structural Analysis Engineer,41764.86,9/24/2009,526,6th Floor,15,2,88
527,Marketing,Engineer IV,74648.21,1/20/2006,527,Room 1956,21,2,62
528,Engineering,Structural Analysis Engineer,145941.63,6/24/2005,528,Room 1971,5,4,56
529,Sales,Tax Accountant,129871.01,9/23/2011,529,Apt 630,6,5,85
530,Sales,Human Resources Manager,76052.28,11/18/2011,530,Room 754,18,3,36
531,Accounting,Safety Technician III,59381.79,2/27/2016,531,6th Floor,0,5,18
532,Sales,Administrative Officer,135528.39,5/16/2011,532,Room 771,10,5,80
533,Services,Marketing Manager,106074.14,12/6/2002,533,8th Floor,11,2,68
534,Business Development,Environmental Tech,146739.9,10/29/2018,534,Suite 59,2,4,11
535,Sales,Financial Advisor,89345.45,10/12/2009,535,Room 809,30,1,77
536,Research and Development,Staff Scientist,116075.68,4/25/2003,536,PO Box 13433,6,1,25
537,Research and Development,Web Designer IV,115863.96,5/11/2001,537,Suite 64,0,4,62
538,Legal,Automation Specialist I,97593.64,5/30/2006,538,Room 1118,24,4,79
539,Training,Account Representative II,132620.03,1/9/2006,539,Room 460,2,1,38
540,Support,Research Associate,38806.15,10/1/2005,540,Suite 4,29,1,35
541,Legal,Financial Analyst,73975.12,1/29/2006,541,Room 536,23,5,58
542,Business Development,Payment Adjustment Coordinator,117843.01,7/24/2011,542,PO Box 31238,9,1,28
543,Accounting,VP Quality Control,45924.04,3/15/2013,543,PO Box 1684,29,1,4
544,Engineering,Analog Circuit Design manager,95610.07,11/5/2013,544,Suite 77,26,2,60
545,Services,Research Nurse,55368.52,5/8/2006,545,Suite 57,6,2,9
546,Support,Operator,80423.14,2/4/2008,546,PO Box 11013,1,3,21
547,Research and Development,Design Engineer,84179.81,2/21/2018,547,8th Floor,20,4,99
548,Accounting,Office Assistant III,128646.84,7/26/2005,548,Room 1253,21,1,31
549,Sales,Staff Accountant I,114194.53,3/14/2000,549,Room 1242,6,5,12
550,Human Resources,Sales Representative,116446.38,11/3/2000,550,Apt 897,25,3,58
551,Engineering,Graphic Designer,76909.86,6/14/2017,551,Suite 99,29,5,100
552,Accounting,Quality Engineer,138689.08,11/21/2021,552,Suite 12,9,2,29
553,Legal,Human Resources Manager,119551.95,6/29/2011,553,Room 1799,13,1,8
554,Human Resources,VP Accounting,143680.43,12/30/2014,554,PO Box 91413,8,1,15
555,Sales,Financial Advisor,129913.35,2/23/2011,555,Apt 1640,29,3,26
556,Training,Administrative Assistant IV,87140.06,2/1/2012,556,PO Box 20138,30,3,57
557,Marketing,Occupational Therapist,62915.81,12/10/2018,557,Room 1032,3,3,49
558,Legal,Social Worker,106872.07,12/30/2022,558,Apt 793,23,1,73
559,Services,Research Nurse,60032.3,1/13/2009,559,PO Box 6718,19,2,30
560,Legal,Recruiter,42470.26,5/31/2014,560,3rd Floor,25,3,76
561,Business Development,Software Test Engineer III,98911.02,7/24/2015,561,15th Floor,13,1,72
562,Business Development,Chief Design Engineer,132341.68,7/15/2008,562,Room 48,14,5,19
563,Services,Structural Analysis Engineer,71009.76,12/24/2016,563,PO Box 85057,14,5,31
564,Training,Junior Executive,128864.99,12/9/2004,564,15th Floor,28,4,62
565,Business Development,Information Systems Manager,67420.57,11/28/2016,565,3rd Floor,7,2,12
566,Human Resources,Help Desk Operator,74849.52,7/6/2022,566,Suite 88,12,5,91
567,Training,Quality Control Specialist,54910.31,8/23/2013,567,20th Floor,22,1,85
568,Business Development,VP Product Management,148991.97,4/5/2019,568,Suite 20,22,1,2
569,Support,Environmental Tech,51929.33,11/2/2008,569,PO Box 64454,22,3,63
570,Legal,Senior Financial Analyst,90597.76,1/13/2019,570,18th Floor,30,3,24
571,Services,Junior Executive,119091.84,1/30/2016,571,Room 280,3,2,68
572,Services,Cost Accountant,124007.68,12/31/2018,572,Room 771,5,3,69
573,Engineering,Cost Accountant,142981.71,2/7/2000,573,PO Box 36256,16,5,21
574,Support,Senior Quality Engineer,76317.77,4/9/2010,574,16th Floor,3,2,8
575,Marketing,VP Product Management,113235.25,6/1/2014,575,2nd Floor,11,4,77
576,Human Resources,Civil Engineer,53611.17,9/1/2013,576,Suite 91,24,3,65
577,Legal,Professor,125701.88,4/21/2017,577,Suite 48,9,4,64
578,Business Development,Administrative Assistant I,118267.41,11/13/2017,578,1st Floor,28,2,49
579,Product Management,Teacher,54044.39,5/8/2012,579,17th Floor,2,3,18
580,Accounting,Librarian,143734.65,6/2/2021,580,Room 1069,1,2,12
581,Services,Physical Therapy Assistant,38569.68,3/28/2017,581,Suite 31,26,1,27
582,Accounting,Registered Nurse,135697.87,12/20/2001,582,3rd Floor,25,1,54
583,Training,Physical Therapy Assistant,71574.39,1/17/2018,583,Suite 46,5,2,79
584,Accounting,Geological Engineer,137369.11,11/3/2013,584,Apt 810,8,2,93
585,Research and Development,Account Coordinator,104105.78,5/20/2009,585,PO Box 66845,22,3,41
586,Marketing,Editor,108172.32,4/5/2018,586,Suite 34,26,1,41
587,Human Resources,Account Representative III,139103.5,7/18/2008,587,15th Floor,14,1,19
588,Services,Engineer III,101003.86,8/30/2006,588,PO Box 29109,25,3,26
589,Product Management,Senior Sales Associate,142410.36,7/3/2000,589,Room 830,29,4,66
590,Legal,Director of Sales,148132.12,2/12/2001,590,Apt 1460,27,5,1
591,Business Development,Associate Professor,99644.15,12/21/2021,591,Room 1385,0,2,93
592,Accounting,Environmental Tech,36475.57,9/19/2016,592,20th Floor,7,5,16
593,Marketing,Project Manager,79423.03,10/15/2015,593,Suite 5,16,2,5
594,Product Management,Business Systems Development Analyst,45208.92,7/13/2009,594,Apt 325,11,2,46
595,Business Development,Research Assistant III,62842.77,3/11/2015,595,PO Box 53513,10,2,81
596,Engineering,Administrative Officer,53474.78,12/29/2012,596,Suite 84,26,5,91
597,Training,Community Outreach Specialist,81395.82,3/14/2010,597,Suite 26,22,3,77
598,Human Resources,Recruiting Manager,84680.82,5/19/2019,598,12th Floor,7,3,81
599,Business Development,Account Coordinator,32196.83,1/19/2000,599,Room 141,12,5,49
600,Research and Development,Nuclear Power Engineer,64225.99,12/3/2017,600,Room 702,15,3,49
601,Services,Assistant Professor,35863.25,1/15/2012,601,Room 1281,22,2,20
602,Human Resources,Senior Editor,49589.45,2/13/2012,602,Apt 1833,19,5,15
603,Training,Web Designer IV,125867.4,6/15/2010,603,PO Box 18757,9,2,70
604,Human Resources,Programmer Analyst II,86100.39,8/2/2006,604,PO Box 91761,2,4,2
605,Accounting,Senior Financial Analyst,45805.04,12/21/2011,605,Room 124,0,1,59
606,Support,Developer III,139112.08,8/24/2007,606,Suite 63,6,1,23
607,Sales,Business Systems Development Analyst,119549.76,8/29/2011,607,17th Floor,30,3,83
608,Human Resources,Structural Engineer,48757.01,2/25/2002,608,PO Box 29903,21,5,35
609,Marketing,Information Systems Manager,52767.77,4/14/2018,609,9th Floor,12,2,49
610,Legal,Environmental Specialist,87296.34,12/22/2006,610,Suite 69,27,3,75
611,Business Development,Nurse,114150.46,11/21/2003,611,Room 1427,3,3,79
612,Engineering,Sales Associate,72838.45,6/16/2016,612,Apt 539,2,4,13
613,Training,Senior Cost Accountant,87381.15,6/22/2009,613,Suite 92,30,3,78
614,Training,Associate Professor,91947.14,1/27/2013,614,10th Floor,3,3,48
615,Engineering,Legal Assistant,149381.22,3/25/2011,615,Room 173,27,4,78
616,Training,Professor,103207.95,2/20/2009,616,Suite 43,2,5,79
617,Human Resources,Pharmacist,119177.8,5/3/2012,617,Room 1214,22,1,69
618,Product Management,Nuclear Power Engineer,51570.84,5/14/2018,618,Suite 50,30,1,17
619,Human Resources,Assistant Manager,49041.85,4/18/2010,619,Apt 483,18,4,48
620,Accounting,Information Systems Manager,93254.55,1/24/2000,620,Suite 79,3,4,74
621,Sales,Editor,62009.8,9/14/2016,621,8th Floor,27,1,43
622,Business Development,Teacher,42654.41,7/10/2013,622,Room 582,3,2,46
623,Training,Account Coordinator,72262.04,1/29/2018,623,Apt 1442,3,1,87
624,Accounting,Cost Accountant,97134.01,3/29/2003,624,Suite 58,21,5,56
625,Sales,Librarian,72652.22,12/10/2022,625,Suite 12,8,5,99
626,Engineering,Director of Sales,92568.47,11/24/2011,626,11th Floor,24,2,97
627,Marketing,Help Desk Operator,83327.17,1/31/2019,627,Suite 58,27,4,30
628,Services,Analyst Programmer,85294.14,3/12/2018,628,Suite 61,23,1,38
629,Services,Automation Specialist I,68068.33,9/12/2006,629,Suite 70,5,1,9
630,Research and Development,Food Chemist,107353.9,1/22/2009,630,PO Box 42398,16,5,92
631,Sales,Web Developer I,62519.31,8/13/2022,631,Room 1936,22,3,34
632,Legal,Environmental Specialist,92198.58,6/23/2000,632,PO Box 16518,16,5,92
633,Engineering,Internal Auditor,44609.43,2/26/2017,633,Suite 2,27,2,79
634,Research and Development,Safety Technician III,105066.15,10/29/2021,634,13th Floor,13,1,34
635,Accounting,Safety Technician IV,99668.54,9/24/2004,635,1st Floor,25,2,27
636,Accounting,Developer I,74098.62,3/30/2008,636,1st Floor,14,2,8
637,Sales,Data Coordinator,38311.3,12/27/2002,637,16th Floor,7,3,53
638,Product Management,Dental Hygienist,121400.64,6/14/2020,638,11th Floor,2,2,66
639,Support,Senior Quality Engineer,141473.08,11/2/2006,639,Suite 22,2,5,31
640,Support,Assistant Professor,116609.75,10/30/2017,640,12th Floor,9,5,58
641,Product Management,VP Quality Control,112172.79,7/20/2003,641,Suite 4,30,5,20
642,Services,Environmental Tech,139908.9,2/3/2011,642,Apt 989,25,3,59
643,Engineering,Research Nurse,45366.81,12/11/2000,643,Apt 1801,10,2,30
644,Business Development,Software Consultant,39993.74,4/4/2000,644,Suite 83,7,5,47
645,Sales,Structural Engineer,66546.75,2/27/2001,645,16th Floor,30,1,60
646,Business Development,Cost Accountant,82444.63,5/27/2021,646,14th Floor,25,5,92
647,Engineering,Software Engineer III,89834.3,2/1/2009,647,17th Floor,14,1,7
648,Services,Payment Adjustment Coordinator,73289.47,3/3/2019,648,Apt 286,7,3,66
649,Accounting,VP Sales,135251.54,5/3/2015,649,19th Floor,9,2,61
650,Accounting,Quality Control Specialist,89704.6,6/15/2000,650,Suite 48,9,4,5
651,Support,Graphic Designer,48413.46,4/11/2020,651,12th Floor,24,5,81
652,Human Resources,Software Test Engineer II,134080.17,1/22/2013,652,Suite 14,30,3,86
653,Research and Development,Account Executive,48213.48,6/15/2018,653,Apt 1976,14,4,52
654,Legal,Speech Pathologist,99263.14,6/17/2011,654,8th Floor,13,3,20
655,Product Management,Junior Executive,114728.26,1/26/2021,655,Suite 32,26,5,23
656,Sales,Nurse,124024.11,11/26/2022,656,Room 1011,4,1,75
657,Accounting,Web Developer IV,58663.64,5/22/2002,657,3rd Floor,30,3,4
658,Human Resources,Programmer Analyst III,112447.06,12/8/2010,658,11th Floor,25,2,37
659,Services,Account Representative I,43687.73,8/21/2004,659,Suite 70,22,3,2
660,Product Management,Associate Professor,75993.88,6/7/2007,660,4th Floor,8,4,62
661,Support,Graphic Designer,116386.51,12/13/2019,661,Suite 93,1,5,94
662,Product Management,Human Resources Manager,123093.1,4/19/2019,662,Apt 1873,3,2,90
663,Product Management,Senior Quality Engineer,127066.47,8/28/2019,663,Suite 48,3,5,99
664,Research and Development,Junior Executive,123039.38,4/26/2014,664,PO Box 41230,29,1,10
665,Product Management,Engineer II,121252.1,12/4/2013,665,10th Floor,14,1,81
666,Sales,Software Test Engineer I,75506.89,1/18/2009,666,Apt 604,20,5,89
667,Marketing,Financial Advisor,122844.2,10/26/2006,667,Apt 1716,12,4,95
668,Sales,Occupational Therapist,66857.3,7/4/2003,668,Suite 14,24,5,1
669,Engineering,Assistant Media Planner,45349.1,9/16/2005,669,Suite 35,18,3,83
670,Product Management,General Manager,145399.3,7/30/2001,670,Apt 662,4,3,48
671,Accounting,VP Sales,118096.35,7/29/2019,671,PO Box 72915,22,1,17
672,Business Development,Sales Representative,74604.82,5/19/2010,672,Suite 15,12,1,38
673,Product Management,Civil Engineer,33124.63,9/23/2009,673,Suite 53,8,3,35
674,Legal,Safety Technician III,67868.32,10/3/2003,674,5th Floor,1,1,6
675,Business Development,Registered Nurse,129421.85,4/2/2022,675,11th Floor,12,5,85
676,Engineering,Payment Adjustment Coordinator,86983.22,12/23/2008,676,Room 1141,17,2,21
677,Research and Development,Office Assistant I,64645.08,12/12/2006,677,Suite 57,16,3,78
678,Marketing,Programmer I,59930.5,9/19/2015,678,3rd Floor,22,2,12
679,Human Resources,VP Marketing,127618.94,5/9/2008,679,Apt 320,19,2,44
680,Training,Account Executive,110707.52,5/12/2008,680,Apt 100,14,2,25
681,Sales,Account Coordinator,67218.8,9/6/2011,681,Suite 1,1,3,43
682,Human Resources,Nuclear Power Engineer,53088.11,4/21/2005,682,Suite 12,6,5,96
683,Accounting,Safety Technician IV,32959.11,9/10/2019,683,Apt 1316,22,2,95
684,Sales,Design Engineer,62663.58,1/10/2016,684,PO Box 66095,11,4,19
685,Support,Account Coordinator,41640.64,3/7/2015,685,11th Floor,30,4,83
686,Research and Development,Structural Analysis Engineer,109333.33,4/12/2003,686,Room 1374,27,2,35
687,Engineering,Automation Specialist IV,93001.1,6/16/2000,687,Room 1494,23,1,37
688,Training,Accountant I,46737.21,4/20/2000,688,Suite 60,1,4,65
689,Product Management,Executive Secretary,148505.14,12/19/2022,689,Room 706,26,3,85
690,Human Resources,Marketing Manager,72226.15,6/5/2015,690,Room 111,28,4,48
691,Services,Sales Representative,132294.56,10/12/2011,691,Apt 643,18,5,3
692,Training,Senior Editor,48978.67,7/7/2014,692,Suite 58,19,5,54
693,Research and Development,Clinical Specialist,88736.95,3/29/2006,693,9th Floor,7,1,71
694,Product Management,Cost Accountant,70076.8,12/14/2016,694,Suite 37,5,3,66
695,Sales,Junior Executive,124399.58,7/15/2005,695,Room 1436,15,5,57
696,Training,Software Consultant,58866.2,4/5/2005,696,12th Floor,25,2,68
697,Human Resources,Junior Executive,89653.52,12/31/2012,697,Suite 22,0,4,75
698,Support,Community Outreach Specialist,76696.71,1/1/2022,698,PO Box 22883,21,2,6
699,Marketing,Help Desk Technician,80155.34,12/13/2002,699,Suite 97,3,3,12
700,Business Development,Assistant Professor,148248.95,10/16/2003,700,Room 1483,6,1,61
701,Product Management,Research Associate,97545.42,3/20/2020,701,Room 1187,18,2,61
702,Product Management,Professor,54447.02,12/21/2001,702,Apt 852,20,3,53
703,Sales,Payment Adjustment Coordinator,98334.66,2/17/2007,703,PO Box 38459,19,3,39
704,Human Resources,Structural Engineer,37380.7,7/27/2019,704,PO Box 57366,24,2,77
705,Business Development,VP Sales,53691.04,5/24/2003,705,PO Box 46987,7,1,57
706,Marketing,Civil Engineer,105590.82,7/3/2019,706,Room 1227,17,3,37
707,Training,Assistant Professor,63839.27,8/4/2002,707,Suite 34,8,2,97
708,Services,Biostatistician II,139951.95,9/1/2007,708,Suite 13,2,2,27
709,Business Development,Software Consultant,121035.13,12/16/2012,709,Apt 546,29,3,74
710,Product Management,Account Executive,94454.92,5/9/2007,710,5th Floor,22,1,52
711,Accounting,Physical Therapy Assistant,119041.07,12/28/2005,711,18th Floor,11,5,67
712,Marketing,Assistant Professor,93870.21,12/16/2021,712,Suite 68,17,5,74
713,Accounting,Marketing Assistant,58870.25,11/18/2001,713,5th Floor,28,1,68
714,Accounting,Financial Analyst,78924.53,5/6/2007,714,PO Box 39799,15,3,40
715,Human Resources,Web Designer IV,43290.35,10/14/2007,715,PO Box 83566,18,4,35
716,Training,Marketing Manager,142908.32,1/25/2010,716,Apt 1213,15,2,94
717,Marketing,Programmer I,136322.52,4/4/2013,717,PO Box 87154,24,1,42
718,Support,Technical Writer,79688.33,5/27/2012,718,Suite 64,3,2,58
719,Research and Development,Accountant III,116627.98,3/24/2005,719,20th Floor,8,3,86
720,Sales,Senior Quality Engineer,42326.26,9/15/2004,720,Suite 22,18,5,73
721,Sales,Database Administrator III,55828.88,6/30/2005,721,PO Box 80825,12,4,93
722,Product Management,Quality Engineer,117552.7,2/4/2010,722,Room 613,6,3,9
723,Support,Computer Systems Analyst II,136906.59,12/19/2004,723,Room 985,7,3,24
724,Business Development,VP Accounting,80229.26,6/30/2015,724,Suite 31,23,2,4
725,Human Resources,Nuclear Power Engineer,114851.04,1/29/2014,725,Apt 1288,12,2,81
726,Services,Product Engineer,72054.25,1/24/2004,726,15th Floor,4,4,11
727,Training,Desktop Support Technician,46177.69,10/1/2000,727,Apt 1608,19,2,48
728,Human Resources,Electrical Engineer,31451.62,3/2/2007,728,Room 1735,13,5,36
729,Research and Development,Nuclear Power Engineer,120370.34,3/1/2018,729,Room 1284,24,4,41
730,Marketing,Analyst Programmer,62999.16,1/19/2016,730,19th Floor,24,2,83
731,Sales,Web Developer II,89541.53,1/28/2001,731,Suite 12,15,2,83
732,Product Management,Executive Secretary,65507.5,10/11/2014,732,Apt 928,30,4,23
733,Accounting,Sales Representative,116313.8,8/14/2022,733,Room 164,15,3,98
734,Human Resources,Electrical Engineer,142393.83,9/16/2016,734,Room 160,23,3,1
735,Sales,Executive Secretary,112743.3,3/31/2009,735,4th Floor,20,3,73
736,Services,Geological Engineer,111025.06,11/2/2002,736,Room 1281,11,5,53
737,Business Development,Actuary,108272.96,11/6/2003,737,Apt 1500,4,1,64
738,Human Resources,Environmental Specialist,91445.67,12/28/2001,738,Apt 1374,29,2,65
739,Accounting,VP Product Management,60525.86,6/25/2020,739,Suite 70,24,1,62
740,Accounting,Marketing Manager,58318.85,7/16/2010,740,PO Box 22471,3,5,65
741,Training,Junior Executive,45962.04,3/24/2017,741,Suite 86,17,5,77
742,Support,Help Desk Operator,53887.97,2/6/2022,742,Room 969,20,1,77
743,Business Development,Financial Analyst,138832.62,6/16/2012,743,Apt 1812,20,5,19
744,Research and Development,Analyst Programmer,133215.13,6/16/2014,744,Room 698,18,1,46
745,Business Development,Software Test Engineer II,113617.03,11/10/2017,745,Apt 406,14,3,19
746,Research and Development,Software Consultant,149049.07,6/5/2008,746,16th Floor,27,3,54
747,Research and Development,Help Desk Operator,141944.87,3/27/2014,747,7th Floor,6,4,77
748,Research and Development,Information Systems Manager,124347.24,4/12/2004,748,Suite 38,14,5,73
749,Sales,Sales Associate,149294.14,5/24/2008,749,15th Floor,21,1,77
750,Legal,Automation Specialist I,145418.05,8/3/2001,750,Apt 1238,6,3,43
751,Sales,Environmental Tech,86674.61,9/23/2015,751,9th Floor,1,5,18
752,Business Development,Engineer II,39486.75,12/19/2003,752,12th Floor,3,2,33
753,Product Management,Assistant Media Planner,74562.59,5/31/2010,753,5th Floor,14,2,95
754,Services,Operator,91383.66,2/7/2015,754,Suite 21,28,5,50
755,Accounting,Media Manager IV,142097.78,9/26/2010,755,Room 64,20,5,36
756,Product Management,General Manager,89673.02,1/28/2015,756,13th Floor,7,1,67
757,Human Resources,Sales Representative,44724.14,5/7/2014,757,Suite 86,30,2,97
758,Marketing,Junior Executive,73719.68,5/4/2005,758,PO Box 35602,9,3,100
759,Accounting,General Manager,131050.0,11/17/2004,759,16th Floor,29,5,20
760,Business Development,Software Engineer III,128286.04,5/12/2019,760,PO Box 80168,4,2,70
761,Business Development,Marketing Manager,144138.02,11/15/2004,761,14th Floor,6,1,36
762,Support,Chief Design Engineer,116367.86,9/30/2004,762,Room 1274,5,1,7
763,Research and Development,Research Assistant III,51845.88,1/11/2021,763,7th Floor,15,1,10
764,Engineering,Senior Financial Analyst,64985.89,5/15/2020,764,Suite 66,17,5,47
765,Services,Speech Pathologist,67971.47,7/28/2019,765,Apt 948,15,5,18
766,Legal,General Manager,35593.02,3/16/2016,766,PO Box 63131,12,1,16
767,Services,VP Marketing,119406.32,3/8/2003,767,1st Floor,26,5,49
768,Human Resources,Automation Specialist II,101409.46,4/8/2020,768,15th Floor,14,2,1
769,Research and Development,Junior Executive,138457.39,7/2/2021,769,Room 701,13,5,91
770,Legal,Computer Systems Analyst II,123916.6,1/17/2011,770,Suite 5,30,5,99
771,Product Management,Software Engineer III,30551.2,12/19/2013,771,Suite 80,8,5,35
772,Legal,Office Assistant III,60445.92,10/8/2001,772,Apt 290,5,5,17
773,Services,Analyst Programmer,105025.19,4/24/2006,773,Suite 28,10,4,89
774,Sales,Graphic Designer,51987.97,12/23/2008,774,PO Box 50635,27,2,47
775,Business Development,Technical Writer,38297.49,2/9/2014,775,Apt 1995,27,1,61
776,Business Development,Project Manager,113855.93,10/7/2013,776,Room 1562,15,3,58
777,Legal,Office Assistant IV,146959.22,7/10/2012,777,10th Floor,20,5,60
778,Support,Web Developer IV,64686.14,1/4/2011,778,Suite 19,28,4,58
779,Research and Development,Geologist IV,120076.44,5/4/2007,779,Apt 1408,29,1,65
780,Sales,Physical Therapy Assistant,149432.44,8/14/2009,780,Suite 36,18,1,74
781,Product Management,Computer Systems Analyst I,79013.88,12/7/2021,781,Apt 490,9,1,18
782,Services,Senior Sales Associate,134644.66,5/23/2015,782,Room 1552,27,1,80
783,Product Management,Electrical Engineer,32455.24,10/30/2020,783,Suite 63,24,1,51
784,Engineering,Staff Accountant II,99133.34,3/13/2022,784,Room 1784,9,5,31
785,Training,Nurse,79925.92,5/17/2003,785,PO Box 6259,7,3,24
786,Training,Web Designer II,36532.09,1/19/2020,786,Room 1829,30,2,8
787,Services,Research Associate,117698.33,6/15/2006,787,Room 1186,19,5,81
788,Accounting,Project Manager,108327.36,12/31/2008,788,PO Box 82668,24,4,76
789,Human Resources,Software Test Engineer II,35808.32,8/8/2008,789,Apt 236,14,1,82
790,Business Development,Teacher,48614.46,12/1/2006,790,Suite 35,26,3,22
791,Services,Teacher,93784.09,3/12/2009,791,Room 1639,29,1,48
792,Human Resources,Human Resources Assistant IV,70739.42,1/2/2008,792,Apt 1974,20,3,60
793,Research and Development,Assistant Manager,111263.06,9/15/2021,793,19th Floor,2,4,32
794,Business Development,Payment Adjustment Coordinator,132552.56,2/2/2011,794,Suite 71,18,1,81
795,Legal,Electrical Engineer,135840.09,12/4/2011,795,14th Floor,30,1,89
796,Marketing,Computer Systems Analyst III,41885.78,4/29/2009,796,11th Floor,20,3,26
797,Product Management,Data Coordinator,112273.48,4/12/2003,797,Suite 97,26,4,25
798,Engineering,Biostatistician I,52160.44,11/15/2008,798,Apt 1683,6,2,14
799,Product Management,Director of Sales,39018.36,9/26/2011,799,14th Floor,16,2,45
800,Legal,Statistician III,114098.59,2/22/2020,800,Suite 52,13,5,46
801,Marketing,Safety Technician III,149710.24,1/3/2006,801,Room 1320,8,3,81
802,Training,Safety Technician IV,144370.08,11/12/2009,802,Room 1933,1,4,93
803,Legal,Information Systems Manager,127160.36,1/2/2018,803,11th Floor,27,5,10
804,Product Management,General Manager,123411.72,5/27/2016,804,PO Box 5600,12,2,26
805,Sales,Nurse,139339.7,2/25/2013,805,Suite 32,4,3,57
806,Engineering,Help Desk Technician,141490.43,9/10/2008,806,PO Box 50795,0,5,11
807,Human Resources,Desktop Support Technician,89703.69,8/12/2015,807,10th Floor,23,5,25
808,Accounting,Sales Representative,77870.29,8/11/2016,808,PO Box 2223,23,5,64
809,Marketing,Computer Systems Analyst III,127037.75,5/24/2022,809,Room 933,0,1,81
810,Business Development,Accounting Assistant III,98182.54,7/19/2020,810,Suite 45,19,5,6
811,Accounting,Senior Cost Accountant,135823.75,12/7/2014,811,Room 1203,18,5,42
812,Marketing,Associate Professor,32250.21,12/17/2016,812,Suite 2,20,2,47
813,Product Management,Quality Control Specialist,82361.52,7/24/2008,813,Suite 25,20,3,100
814,Research and Development,Civil Engineer,61449.4,6/19/2012,814,PO Box 17387,13,4,82
815,Engineering,Web Designer IV,76541.64,9/11/2000,815,PO Box 82863,13,5,8
816,Marketing,Professor,102165.51,8/30/2006,816,PO Box 26352,9,4,95
817,Business Development,Chief Design Engineer,125708.2,5/27/2014,817,PO Box 82814,30,2,9
818,Training,Junior Executive,74625.92,9/2/2002,818,7th Floor,0,4,79
819,Legal,Occupational Therapist,137573.43,7/5/2011,819,PO Box 5736,5,1,84
820,Services,Operator,54626.78,1/17/2021,820,Room 334,13,3,37
821,Research and Development,Physical Therapy Assistant,124002.14,5/18/2001,821,Suite 66,19,2,84
822,Product Management,Web Developer IV,99088.53,7/9/2016,822,Room 135,29,3,39
823,Sales,Nurse,132381.96,11/20/2001,823,Suite 58,27,4,78
824,Sales,Programmer Analyst II,143887.36,2/20/2009,824,14th Floor,17,2,54
825,Services,Marketing Manager,48230.27,11/27/2006,825,8th Floor,16,5,9
826,Product Management,Health Coach II,93200.12,3/19/2016,826,Suite 51,17,5,10
827,Human Resources,VP Quality Control,122685.76,7/19/2009,827,16th Floor,14,1,17
828,Accounting,Speech Pathologist,103532.61,10/23/2008,828,Suite 18,27,3,71
829,Business Development,Recruiter,132127.9,6/11/2018,829,15th Floor,10,3,67
830,Support,Electrical Engineer,112781.36,7/29/2003,830,Room 1458,3,3,11
831,Business Development,Occupational Therapist,52757.86,6/17/2007,831,Suite 25,0,5,16
832,Engineering,Health Coach II,54494.95,11/28/2001,832,Suite 53,8,1,26
833,Legal,Administrative Officer,46930.81,4/10/2005,833,PO Box 75978,8,4,61
834,Business Development,Electrical Engineer,106012.94,3/27/2008,834,Suite 39,16,2,87
835,Research and Development,Structural Analysis Engineer,110616.34,8/11/2005,835,Apt 1046,10,2,77
836,Human Resources,Recruiter,36995.37,7/9/2005,836,PO Box 17962,11,5,56
837,Human Resources,Nurse Practicioner,110012.64,8/25/2003,837,PO Box 68316,20,2,55
838,Sales,Statistician IV,75857.64,4/17/2015,838,18th Floor,6,4,28
839,Support,Nurse Practicioner,37233.8,6/25/2000,839,Suite 19,15,5,35
840,Support,Food Chemist,56738.62,2/22/2002,840,Apt 255,14,2,48
841,Engineering,Project Manager,100990.08,1/3/2020,841,PO Box 93824,0,5,79
842,Business Development,Sales Associate,54565.34,3/26/2006,842,Apt 1730,22,1,88
843,Research and Development,VP Quality Control,113882.14,2/10/2011,843,Apt 1781,8,5,68
844,Business Development,Pharmacist,117988.69,7/3/2016,844,Room 370,10,2,67
845,Sales,Account Representative III,54402.5,3/18/2009,845,PO Box 19461,12,3,82
846,Services,Media Manager I,77763.35,5/2/2012,846,Apt 445,8,5,66
847,Engineering,Community Outreach Specialist,41495.13,1/14/2000,847,PO Box 98088,27,2,73
848,Engineering,Help Desk Operator,30769.19,6/14/2007,848,Suite 13,1,5,76
849,Accounting,Senior Quality Engineer,82440.03,2/15/2000,849,Apt 1601,17,2,67
850,Research and Development,Office Assistant IV,51600.83,10/11/2019,850,Room 1345,11,2,94
851,Research and Development,Sales Associate,88243.76,1/14/2014,851,PO Box 37161,5,1,43
852,Engineering,Actuary,39818.62,12/21/2013,852,PO Box 86019,4,2,16
853,Product Management,Tax Accountant,54961.35,5/4/2005,853,Apt 1658,27,1,99
854,Legal,Assistant Professor,36512.13,1/28/2011,854,3rd Floor,8,3,23
855,Product Management,Analyst Programmer,40438.97,6/12/2005,855,Suite 61,17,3,97
856,Marketing,Biostatistician II,133451.93,12/8/2001,856,Suite 28,15,4,36
857,Legal,Programmer Analyst III,62624.62,4/27/2018,857,Apt 1058,13,2,29
858,Marketing,Nurse Practicioner,135146.26,5/15/2010,858,6th Floor,11,4,33
859,Research and Development,Automation Specialist IV,32942.28,3/28/2000,859,Suite 39,28,2,6
860,Services,Software Test Engineer II,138272.61,7/4/2020,860,4th Floor,20,2,82
861,Services,Account Coordinator,110616.19,4/20/2021,861,PO Box 26739,12,1,5
862,Support,Tax Accountant,68008.35,4/13/2006,862,PO Box 76978,11,5,59
863,Legal,Staff Scientist,128311.33,2/14/2022,863,Suite 16,5,4,5
864,Business Development,Assistant Manager,43771.86,6/18/2019,864,7th Floor,20,3,1
865,Human Resources,VP Marketing,86063.21,5/30/2020,865,Apt 213,0,1,1
866,Sales,Sales Associate,51021.04,3/6/2012,866,16th Floor,27,2,74
867,Accounting,Engineer III,145238.63,3/5/2012,867,Suite 29,10,3,3
868,Services,Financial Advisor,34709.71,1/16/2006,868,Room 1202,16,2,21
869,Business Development,Professor,111507.67,12/31/2005,869,PO Box 18682,3,5,47
870,Research and Development,VP Accounting,122488.05,11/19/2011,870,PO Box 20334,26,5,86
871,Business Development,Clinical Specialist,128317.67,2/4/2007,871,Room 1579,22,1,63
872,Support,Senior Editor,44003.58,5/4/2019,872,10th Floor,7,1,16
873,Business Development,Senior Financial Analyst,131293.02,7/13/2011,873,Suite 62,2,2,17
874,Human Resources,Internal Auditor,54916.61,4/3/2000,874,Room 16,21,2,56
875,Human Resources,Environmental Specialist,32069.42,12/30/2016,875,Room 1122,15,1,35
876,Marketing,Mechanical Systems Engineer,80010.85,10/19/2000,876,11th Floor,21,5,34
877,Sales,Senior Developer,104176.23,1/31/2010,877,Suite 96,25,3,41
878,Product Management,Tax Accountant,123073.47,5/19/2003,878,Room 995,17,5,100
879,Support,Sales Associate,33553.04,11/8/2000,879,9th Floor,8,3,35
880,Product Management,Account Executive,65648.49,12/4/2000,880,Room 239,29,3,44
881,Product Management,Editor,118425.61,11/11/2011,881,PO Box 60165,16,5,48
882,Services,Social Worker,118393.28,2/19/2006,882,Apt 1278,0,2,11
883,Business Development,VP Product Management,61217.64,3/31/2012,883,6th Floor,9,4,12
884,Services,Programmer III,138510.55,3/2/2000,884,Room 796,22,3,73
885,Training,Recruiting Manager,53802.46,7/20/2014,885,Room 464,18,3,25
886,Marketing,Assistant Media Planner,56275.41,5/23/2003,886,Suite 89,23,2,7
887,Human Resources,Social Worker,57946.99,6/14/2012,887,PO Box 14680,23,4,51
888,Legal,Research Nurse,125012.09,6/22/2018,888,Room 1195,13,1,3
889,Product Management,Software Engineer I,86624.96,7/25/2008,889,PO Box 34267,23,4,68
890,Support,Teacher,124037.99,4/17/2016,890,Apt 859,23,5,85
891,Marketing,Quality Control Specialist,110245.99,3/31/2021,891,Room 569,28,3,98
892,Support,Payment Adjustment Coordinator,108532.32,6/7/2020,892,Apt 1989,7,3,5
893,Research and Development,Health Coach I,132659.4,11/22/2017,893,18th Floor,24,2,36
894,Business Development,VP Sales,102923.38,3/3/2008,894,Suite 29,23,4,67
895,Engineering,Structural Engineer,145089.68,8/19/2014,895,Room 154,27,4,74
896,Engineering,Automation Specialist I,38720.53,9/21/2012,896,Apt 1996,7,5,76
897,Human Resources,Editor,110853.55,1/6/2007,897,Suite 92,3,3,66
898,Research and Development,Operator,40849.0,12/29/2006,898,Room 1963,20,4,63
899,Human Resources,Budget/Accounting Analyst III,105121.59,7/18/2007,899,Suite 56,11,4,40
900,Services,Community Outreach Specialist,111424.87,3/2/2007,900,Room 107,23,5,98
901,Product Management,Account Coordinator,148461.02,3/2/2021,901,18th Floor,3,3,35
902,Product Management,Social Worker,87527.22,1/4/2012,902,Apt 1821,4,5,57
903,Human Resources,Data Coordinator,72324.64,10/25/2017,903,20th Floor,3,5,22
904,Support,Accountant I,87015.02,6/9/2014,904,Apt 26,8,4,72
905,Research and Development,Compensation Analyst,125143.7,8/26/2018,905,Apt 428,8,4,47
906,Marketing,Staff Accountant III,34942.64,4/15/2020,906,Suite 87,26,4,47
907,Marketing,Administrative Officer,141939.63,2/9/2019,907,PO Box 20030,12,2,48
908,Engineering,Programmer II,146689.07,4/23/2003,908,Room 396,5,1,54
909,Sales,Nurse,54302.61,10/21/2004,909,20th Floor,19,3,73
910,Product Management,Senior Developer,117485.36,8/22/2012,910,Suite 50,12,4,5
911,Research and Development,Analog Circuit Design manager,136459.61,11/19/2003,911,Room 1946,8,5,30
912,Accounting,Engineer I,128775.45,3/25/2001,912,Room 1102,5,4,83
913,Engineering,Teacher,143183.07,3/29/2014,913,14th Floor,22,1,33
914,Services,Assistant Media Planner,99271.12,12/22/2016,914,Room 928,26,4,22
915,Accounting,Safety Technician IV,101173.18,7/19/2004,915,PO Box 45654,1,3,46
916,Research and Development,Product Engineer,149509.69,10/9/2007,916,13th Floor,13,4,82
917,Marketing,Help Desk Operator,66698.56,8/21/2004,917,Suite 67,5,3,13
918,Support,VP Product Management,138154.48,3/8/2007,918,PO Box 9297,15,2,71
919,Support,Safety Technician I,107576.78,5/1/2012,919,Apt 1287,16,1,62
920,Sales,Community Outreach Specialist,126901.27,3/6/2009,920,PO Box 30188,17,2,50
921,Marketing,Help Desk Operator,48181.1,11/6/2019,921,Suite 53,1,1,64
922,Engineering,Assistant Manager,51338.33,1/1/2018,922,Suite 21,28,5,72
923,Services,Graphic Designer,88418.74,4/23/2003,923,9th Floor,14,1,11
924,Research and Development,VP Marketing,147660.77,2/2/2014,924,Room 1207,12,5,80
925,Support,Account Executive,73432.3,4/26/2000,925,Suite 69,10,3,87
926,Support,Director of Sales,91991.77,12/7/2012,926,Apt 418,24,5,24
927,Product Management,Nuclear Power Engineer,90619.55,3/31/2004,927,17th Floor,7,5,14
928,Product Management,Geologist IV,102463.26,8/3/2014,928,Apt 1489,13,3,73
929,Sales,Paralegal,65990.73,11/11/2006,929,Room 519,2,4,6
930,Training,Recruiter,32474.6,10/27/2006,930,8th Floor,12,3,83
931,Legal,Clinical Specialist,91212.4,10/29/2003,931,Room 100,23,1,6
932,Engineering,Systems Administrator I,40261.04,10/15/2001,932,Suite 39,19,3,19
933,Human Resources,Graphic Designer,140067.77,5/20/2018,933,Apt 1587,6,3,27
934,Services,VP Sales,119901.64,3/5/2017,934,Room 537,2,2,54
935,Legal,Associate Professor,144842.67,12/25/2008,935,Suite 29,15,1,55
936,Research and Development,Legal Assistant,132158.87,12/19/2019,936,Apt 284,9,4,4
937,Marketing,Developer III,119752.89,10/25/2005,937,PO Box 11799,23,3,48
938,Support,Systems Administrator II,71684.46,4/1/2021,938,10th Floor,2,2,84
939,Product Management,Operator,102101.29,6/8/2005,939,Apt 1945,13,2,32
940,Accounting,Staff Scientist,44017.67,11/22/2017,940,Room 1218,25,5,57
941,Engineering,Account Coordinator,57405.99,11/8/2006,941,Room 1366,22,3,61
942,Product Management,Senior Sales Associate,46701.97,10/28/2005,942,Room 1602,0,5,65
943,Human Resources,Occupational Therapist,91422.22,4/21/2001,943,PO Box 62689,23,2,36
944,Sales,Chemical Engineer,109785.01,3/12/2015,944,12th Floor,23,4,92
945,Marketing,Senior Developer,39841.76,12/18/2015,945,PO Box 35449,22,1,84
946,Business Development,Senior Developer,87551.73,2/22/2022,946,10th Floor,29,5,18
947,Engineering,Librarian,130196.8,6/6/2013,947,Room 1200,17,3,76
948,Engineering,Actuary,142669.28,10/14/2012,948,PO Box 10751,5,1,20
949,Engineering,Speech Pathologist,95397.71,12/16/2008,949,Apt 123,18,2,12
950,Engineering,Human Resources Assistant IV,104172.78,3/21/2005,950,PO Box 42852,11,2,65
951,Sales,Librarian,126230.95,10/6/2011,951,20th Floor,3,3,38
952,Services,Tax Accountant,36080.58,11/25/2015,952,Room 1073,0,3,95
953,Accounting,Programmer II,36080.92,2/22/2016,953,Room 352,24,5,82
954,Support,Nurse,109927.91,2/23/2017,954,Room 1388,1,3,60
955,Legal,Software Engineer I,76739.84,9/4/2017,955,PO Box 9262,20,4,68
956,Product Management,Biostatistician III,119179.36,3/7/2012,956,19th Floor,22,3,96
957,Product Management,Desktop Support Technician,128668.43,4/14/2007,957,Room 1274,21,2,51
958,Marketing,Desktop Support Technician,120621.57,7/22/2005,958,Apt 864,2,5,24
959,Sales,Pharmacist,116827.27,12/26/2009,959,17th Floor,19,2,25
960,Sales,Dental Hygienist,96721.57,4/4/2018,960,PO Box 35620,21,3,71
961,Business Development,Teacher,52578.77,9/23/2002,961,Apt 656,9,2,46
962,Accounting,Marketing Manager,48772.58,5/20/2012,962,Room 1704,24,5,96
963,Business Development,Graphic Designer,113277.54,4/17/2010,963,9th Floor,8,2,53
964,Support,Quality Engineer,82559.72,10/24/2019,964,Room 181,0,3,46
965,Accounting,Nuclear Power Engineer,103280.85,10/6/2002,965,Room 1351,10,2,16
966,Training,Environmental Specialist,117924.04,5/9/2020,966,PO Box 43420,2,1,1
967,Support,Account Executive,79582.74,3/30/2002,967,6th Floor,19,1,33
968,Business Development,Environmental Specialist,75201.02,10/19/2009,968,Apt 989,15,5,82
969,Services,Analog Circuit Design manager,59617.17,8/14/2004,969,PO Box 36178,30,4,25
970,Marketing,Recruiter,140447.55,8/3/2014,970,PO Box 51197,17,3,46
971,Sales,Human Resources Assistant III,117463.68,4/29/2014,971,Room 1672,4,2,87
972,Services,Payment Adjustment Coordinator,67716.64,8/3/2013,972,Apt 1781,20,4,83
973,Services,Marketing Assistant,33239.44,3/11/2003,973,2nd Floor,24,5,86
974,Product Management,Administrative Officer,149764.41,9/2/2004,974,Room 1177,21,2,81
975,Sales,Operator,35102.48,1/3/2009,975,Apt 1582,19,1,17
976,Research and Development,Product Engineer,71250.69,3/30/2014,976,19th Floor,24,1,57
977,Research and Development,Geological Engineer,92345.53,12/19/2002,977,Room 1009,28,5,15
978,Sales,Sales Associate,63642.29,4/4/2005,978,8th Floor,8,1,99
979,Training,Chief Design Engineer,52531.1,8/31/2006,979,Suite 20,21,4,51
980,Sales,Desktop Support Technician,107133.89,10/9/2007,980,Room 1798,1,5,92
981,Product Management,Desktop Support Technician,90636.16,2/11/2003,981,Suite 47,24,3,37
982,Support,Environmental Specialist,72357.88,1/18/2006,982,PO Box 70841,14,2,13
983,Marketing,Sales Associate,138760.25,12/16/2004,983,Apt 1397,9,1,96
984,Support,Automation Specialist IV,78567.05,10/5/2007,984,Suite 79,12,4,92
985,Support,Associate Professor,144500.88,11/10/2021,985,Room 1560,14,1,23
986,Business Development,Registered Nurse,110272.61,10/16/2008,986,Suite 85,18,5,60
987,Product Management,Help Desk Operator,100405.66,4/27/2010,987,7th Floor,3,5,61
988,Engineering,Financial Advisor,131207.37,2/9/2007,988,Suite 79,17,1,34
989,Services,Structural Analysis Engineer,149933.21,4/14/2000,989,Room 36,30,2,87
990,Training,Accountant IV,35599.76,11/10/2002,990,Apt 1514,5,1,29
991,Sales,Account Executive,122051.16,9/1/2007,991,Apt 1120,17,4,69
992,Legal,Sales Representative,49884.59,3/12/2021,992,4th Floor,14,1,66
993,Legal,Assistant Manager,72549.17,12/6/2014,993,Room 1643,28,2,81
994,Support,Senior Financial Analyst,104306.26,10/2/2004,994,Suite 20,12,2,39
995,Sales,Librarian,89512.66,9/15/2005,995,5th Floor,9,4,81
996,Services,Senior Editor,60488.84,11/2/2008,996,PO Box 16506,23,5,1
997,Product Management,Help Desk Operator,91567.04,10/25/2017,997,Room 220,16,3,44
998,Research and Development,Physical Therapy Assistant,132403.81,1/23/2007,998,Apt 1319,27,1,1
999,Research and Development,Accounting Assistant III,118098.94,12/25/2004,999,PO Box 87662,12,4,81
1000,Sales,Librarian,118313.74,9/3/2021,1000,Apt 1496,23,3,48
