sepal_length,sepal_width,petal_length,petal_width,species,id,color,date,time,temperature
7.2,2.8,2.2,0.3,versicolor,1,green,6/24/2022,17.83,35.3
6.0,2.9,3.0,2.3,versicolor,2,blue,12/18/2021,10.01,-8.1
6.5,3.4,1.0,1.1,virginica,3,blue,1/29/2020,2.76,-40.0
6.5,3.1,5.5,1.8,versicolor,4,red,1/25/2022,6.21,-24.3
6.1,2.4,2.7,0.3,virginica,5,green,12/6/2022,17.59,21.8
6.1,2.9,5.3,1.4,versicolor,6,green,12/10/2022,13.17,-9.8
6.6,4.3,4.5,1.7,setosa,7,red,4/12/2021,18.16,27.9
5.6,3.0,5.1,1.6,virginica,8,green,7/18/2020,19.78,-37.6
5.6,4.0,6.2,2.2,setosa,9,green,11/5/2021,5.57,38.5
6.4,2.9,1.6,0.9,setosa,10,blue,4/28/2021,4.28,15.3
6.8,3.3,6.3,1.2,setosa,11,green,3/18/2021,0.3,-33.9
6.1,2.0,6.7,2.3,setosa,12,red,12/19/2020,18.57,-28.2
7.0,2.2,6.1,1.0,setosa,13,blue,3/15/2020,4.54,-39.9
4.3,2.6,2.4,1.4,setosa,14,green,11/3/2020,8.5,-2.9
6.5,2.4,2.2,1.0,setosa,15,green,5/30/2020,3.78,22.6
7.3,3.9,1.1,1.6,versicolor,16,red,1/3/2020,9.59,15.5
4.5,3.6,1.1,0.7,virginica,17,red,11/10/2020,8.42,-30.3
4.6,2.2,5.0,2.3,versicolor,18,green,5/3/2020,23.38,-30.9
6.8,3.4,1.2,0.5,versicolor,19,blue,10/22/2021,15.94,12.0
5.3,3.1,1.8,1.4,versicolor,20,red,10/11/2020,0.09,-26.7
7.9,4.4,6.3,0.2,versicolor,21,blue,6/8/2021,11.73,47.5
7.1,3.1,3.3,1.9,setosa,22,red,9/17/2020,1.91,42.4
5.5,2.5,2.8,2.3,setosa,23,red,2/15/2022,19.39,-12.8
6.9,2.3,6.2,0.6,versicolor,24,green,11/29/2021,9.3,-45.8
4.7,3.9,5.9,2.4,setosa,25,green,7/28/2020,13.72,-41.4
4.6,3.9,5.1,1.5,setosa,26,red,11/14/2020,9.29,8.7
5.6,4.3,6.9,0.5,setosa,27,blue,1/29/2020,10.24,-42.1
6.2,4.2,2.7,1.2,setosa,28,green,4/23/2020,19.26,-42.1
5.8,2.6,1.3,0.3,virginica,29,blue,5/17/2021,7.95,2.4
7.8,2.7,6.5,0.9,versicolor,30,red,1/20/2022,13.09,-17.2
4.3,3.6,4.3,2.1,virginica,31,green,6/25/2022,12.25,-11.9
6.9,4.3,1.0,0.7,virginica,32,red,8/27/2020,1.11,-33.1
5.8,2.3,1.4,0.5,virginica,33,blue,10/17/2020,17.64,-23.7
5.8,2.1,2.2,1.9,versicolor,34,red,6/12/2021,3.89,14.9
5.8,3.0,5.0,0.3,versicolor,35,blue,2/25/2022,10.04,19.9
5.7,3.1,3.5,2.2,setosa,36,blue,10/7/2022,14.92,-43.1
7.6,3.0,6.8,1.8,setosa,37,red,3/27/2022,5.58,18.5
4.7,4.2,5.7,2.0,versicolor,38,blue,10/28/2022,19.41,-17.1
4.7,3.5,3.4,1.6,setosa,39,red,3/23/2020,0.22,35.5
6.2,4.3,3.7,0.8,setosa,40,green,6/26/2020,10.52,-26.1
5.8,3.9,4.9,1.4,virginica,41,green,7/26/2021,0.83,11.2
4.4,3.6,3.2,1.1,versicolor,42,green,3/27/2021,7.85,31.0
7.7,2.8,5.7,2.2,setosa,43,green,12/7/2021,18.24,38.3
5.5,3.0,4.3,1.9,virginica,44,green,4/16/2021,3.71,39.6
5.9,2.3,1.0,1.9,setosa,45,red,11/3/2020,16.1,39.2
5.1,2.4,4.0,0.7,setosa,46,red,4/21/2022,9.68,0.8
6.2,3.4,5.3,0.7,setosa,47,green,7/8/2021,18.27,14.3
6.0,2.0,4.9,0.8,setosa,48,blue,10/13/2021,22.75,-4.2
7.4,2.7,3.9,2.5,virginica,49,red,4/16/2022,21.84,-33.9
7.2,3.5,3.9,0.2,virginica,50,blue,4/15/2020,1.46,-34.1
4.5,3.8,4.0,0.7,setosa,51,green,7/6/2021,1.03,-15.0
5.6,2.4,5.1,2.3,setosa,52,green,2/29/2020,18.58,18.4
6.2,3.0,3.3,1.0,versicolor,53,green,2/6/2021,18.6,3.8
6.5,3.2,2.1,0.7,virginica,54,blue,4/10/2022,10.87,22.1
6.5,4.1,2.0,0.7,setosa,55,blue,1/1/2020,19.5,29.0
4.6,3.5,4.6,0.9,versicolor,56,blue,4/22/2022,4.97,9.1
6.6,3.5,6.6,0.3,setosa,57,red,12/11/2021,20.31,-15.6
6.2,2.2,2.7,1.5,setosa,58,blue,10/1/2022,13.45,12.9
4.9,4.1,2.3,1.2,versicolor,59,blue,6/22/2022,22.52,43.9
4.5,3.1,2.0,2.4,setosa,60,blue,9/11/2022,1.38,-1.1
7.8,2.7,2.1,2.3,setosa,61,red,6/7/2021,10.48,34.3
4.3,2.5,1.6,1.6,virginica,62,red,6/22/2020,14.74,-28.1
7.5,2.2,2.7,0.9,versicolor,63,blue,4/1/2021,6.95,-19.4
5.7,3.6,3.7,1.7,versicolor,64,green,10/19/2020,23.33,9.4
6.4,2.8,6.0,2.5,versicolor,65,green,3/10/2020,3.11,-7.6
4.4,3.4,1.1,1.4,setosa,66,green,9/19/2022,19.52,-45.0
5.2,3.5,2.0,0.3,setosa,67,green,4/8/2020,21.35,-6.1
5.6,2.8,6.7,1.2,virginica,68,blue,12/15/2021,18.29,47.0
7.6,2.1,1.5,1.6,virginica,69,green,12/3/2020,6.34,-32.8
5.7,2.0,6.3,0.5,virginica,70,blue,5/20/2022,16.14,22.0
5.2,2.5,4.7,2.2,versicolor,71,blue,6/27/2021,7.73,-45.6
6.6,3.2,4.6,0.4,versicolor,72,blue,6/6/2020,6.15,8.7
5.6,3.1,6.0,1.9,setosa,73,blue,10/21/2022,9.89,-27.9
5.7,3.6,5.9,2.0,virginica,74,green,8/31/2020,20.74,-4.3
4.6,2.6,5.5,1.0,setosa,75,green,6/11/2022,18.04,42.8
4.3,3.0,5.7,0.8,versicolor,76,blue,3/3/2022,12.62,-19.8
6.0,2.6,6.0,1.6,setosa,77,red,12/24/2020,17.26,-21.0
5.6,2.6,1.1,2.4,versicolor,78,blue,12/14/2020,10.96,-13.8
7.3,3.5,4.3,1.2,setosa,79,green,12/10/2022,8.11,14.5
7.3,3.9,2.1,0.5,setosa,80,blue,6/3/2020,15.04,-7.0
7.8,2.5,5.6,0.3,virginica,81,red,4/30/2022,20.85,35.8
7.6,3.1,1.0,0.4,versicolor,82,blue,4/19/2020,8.24,22.1
7.2,3.2,3.7,2.0,virginica,83,red,10/15/2021,8.78,-33.9
5.4,2.7,5.0,2.0,versicolor,84,red,6/12/2022,21.76,5.3
7.0,3.4,3.3,2.4,setosa,85,blue,7/30/2022,18.99,-16.8
5.1,3.5,3.0,1.5,versicolor,86,blue,5/17/2022,7.1,48.6
6.5,3.4,6.3,1.9,setosa,87,blue,5/18/2020,1.08,-45.3
4.8,4.0,5.2,2.2,virginica,88,blue,1/28/2020,10.91,-0.7
4.7,2.7,4.4,1.1,setosa,89,blue,9/11/2021,9.1,32.8
6.0,3.0,1.4,1.4,setosa,90,blue,3/13/2021,23.24,-43.8
7.5,3.8,4.6,1.8,virginica,91,green,6/8/2020,21.96,8.2
4.7,2.5,3.8,0.3,setosa,92,green,12/21/2022,3.08,42.7
7.8,3.5,4.9,0.9,virginica,93,blue,5/21/2020,17.58,-21.2
5.3,2.6,6.3,2.3,setosa,94,blue,9/9/2021,5.11,-44.8
7.8,3.2,1.5,1.3,virginica,95,blue,6/19/2022,19.17,2.3
4.9,2.1,2.7,2.4,setosa,96,green,5/10/2021,6.55,19.5
6.0,2.7,2.0,1.4,virginica,97,green,9/29/2021,12.41,45.9
7.7,2.3,2.4,1.5,setosa,98,red,10/5/2022,5.88,-25.6
7.8,2.4,6.7,2.0,virginica,99,red,4/5/2022,18.2,36.6
5.0,3.3,2.8,0.3,virginica,100,green,9/5/2020,17.18,-8.8
6.0,4.3,3.8,0.3,versicolor,101,red,4/7/2020,3.33,16.4
7.0,3.3,6.1,2.4,versicolor,102,green,11/28/2021,3.23,-13.0
5.5,3.6,5.8,1.2,setosa,103,red,1/9/2021,3.38,-12.0
6.1,3.3,6.3,1.4,virginica,104,green,12/10/2020,9.58,-10.4
6.3,2.1,5.4,1.1,setosa,105,red,3/2/2021,23.82,-1.5
7.4,3.7,6.7,2.5,virginica,106,blue,4/19/2022,0.64,-49.4
4.9,4.0,2.1,0.6,versicolor,107,green,8/7/2020,23.58,-31.0
4.4,3.4,3.6,1.8,setosa,108,green,11/23/2021,7.52,-9.7
6.4,4.4,6.3,0.2,virginica,109,green,1/26/2022,13.22,-21.8
7.2,3.8,3.2,2.3,setosa,110,red,5/17/2022,15.61,34.4
6.6,3.9,2.2,0.8,virginica,111,red,7/26/2022,9.48,27.2
5.9,3.8,3.7,1.8,setosa,112,red,3/20/2021,0.57,17.8
5.4,3.3,3.5,0.9,versicolor,113,red,1/9/2022,5.37,-27.0
6.0,2.7,6.1,0.7,virginica,114,red,8/26/2020,1.0,-33.2
7.6,3.3,5.5,2.1,versicolor,115,green,10/26/2021,0.54,12.2
5.5,3.4,2.5,1.2,setosa,116,blue,2/25/2020,16.27,-34.0
7.1,2.3,4.5,1.0,versicolor,117,red,7/28/2022,16.16,-27.8
5.9,2.3,6.4,1.0,virginica,118,blue,6/7/2020,18.83,-37.6
7.9,3.9,6.5,2.4,versicolor,119,red,3/31/2022,2.28,31.1
7.5,3.1,1.6,0.5,versicolor,120,green,11/15/2020,6.5,-11.7
7.4,3.7,5.8,1.4,versicolor,121,green,8/17/2022,19.89,44.5
6.1,3.4,1.1,2.1,setosa,122,green,8/21/2021,14.19,46.0
5.7,2.4,4.4,1.0,versicolor,123,red,2/8/2020,6.03,5.5
6.7,3.9,1.9,1.7,setosa,124,blue,6/24/2020,1.68,23.5
6.9,3.0,6.2,1.7,virginica,125,red,4/1/2022,8.24,25.3
4.3,2.1,4.1,1.4,setosa,126,green,6/9/2021,17.21,30.3
5.8,3.2,3.1,0.9,setosa,127,green,8/28/2022,15.35,-6.9
7.5,2.6,4.8,2.3,virginica,128,blue,9/26/2022,11.82,21.1
6.7,2.2,6.4,2.1,versicolor,129,blue,1/11/2021,22.54,-5.0
5.7,2.7,4.2,2.1,versicolor,130,green,12/8/2021,19.65,37.2
7.4,2.0,2.2,0.7,virginica,131,blue,1/21/2020,12.45,-5.6
5.4,4.1,3.9,1.1,setosa,132,blue,3/28/2022,7.58,37.2
6.2,2.7,5.9,0.1,virginica,133,green,3/25/2022,18.38,7.4
7.6,3.9,5.5,1.5,virginica,134,blue,6/25/2020,6.81,-19.8
6.9,3.7,1.2,2.2,virginica,135,green,9/2/2022,9.64,13.9
5.6,3.5,4.5,2.3,versicolor,136,red,5/16/2021,4.88,0.8
7.8,3.4,2.0,2.4,versicolor,137,red,10/2/2020,10.15,31.4
6.2,3.4,3.5,0.1,virginica,138,blue,4/17/2020,4.18,17.7
7.4,3.4,5.9,0.7,virginica,139,green,12/30/2022,12.64,-10.1
6.1,3.8,1.4,0.4,virginica,140,red,10/26/2022,23.99,9.9
6.4,4.3,6.8,0.3,virginica,141,blue,1/13/2021,11.64,46.6
6.6,3.9,2.5,2.5,setosa,142,red,1/12/2020,10.36,9.4
5.4,3.4,5.4,0.1,setosa,143,red,3/17/2020,1.11,30.0
5.3,3.8,1.6,2.4,virginica,144,green,4/10/2022,10.49,-1.0
6.7,3.0,6.2,1.5,versicolor,145,blue,11/19/2021,4.38,36.5
7.6,3.5,1.5,2.1,versicolor,146,red,6/14/2022,21.5,35.5
7.2,4.3,3.2,1.2,versicolor,147,green,12/20/2021,7.72,17.4
5.1,3.6,2.8,1.3,setosa,148,blue,10/11/2022,17.26,-48.7
5.9,2.3,5.2,2.1,versicolor,149,red,8/9/2021,2.33,-14.1
7.8,3.5,3.2,1.4,virginica,150,red,8/5/2021,4.71,-34.6
6.4,4.1,1.1,1.3,setosa,151,green,3/12/2022,23.77,46.9
6.4,2.6,4.7,2.4,versicolor,152,blue,11/25/2020,11.84,-26.4
7.8,3.7,3.1,1.1,virginica,153,red,4/5/2020,16.72,-8.3
4.3,2.6,1.1,1.2,versicolor,154,red,10/8/2021,19.68,31.1
4.9,2.3,6.8,0.2,virginica,155,red,7/18/2021,0.71,-13.6
5.5,4.0,3.3,1.8,virginica,156,blue,12/15/2020,4.83,-23.6
4.9,4.1,1.3,1.9,versicolor,157,blue,5/27/2022,6.84,-37.0
6.4,2.3,6.8,0.3,setosa,158,blue,4/20/2020,22.0,-44.2
5.9,3.7,1.1,1.5,virginica,159,blue,9/18/2022,0.6,-5.3
4.8,2.1,1.2,0.9,virginica,160,blue,9/10/2021,16.99,-37.4
7.0,2.4,3.6,2.2,virginica,161,green,1/29/2020,15.82,28.0
5.7,4.4,3.1,1.2,versicolor,162,red,2/15/2021,5.11,-14.1
6.0,2.1,3.3,0.9,virginica,163,green,9/24/2020,6.09,-25.9
4.7,3.9,5.2,2.5,setosa,164,blue,6/17/2021,6.47,20.8
5.6,4.1,1.2,0.5,virginica,165,green,10/8/2020,20.45,16.3
7.6,4.3,3.6,1.5,versicolor,166,blue,10/20/2022,17.49,49.2
6.9,3.5,1.8,0.2,setosa,167,red,4/19/2020,16.11,8.2
7.1,2.1,2.0,1.5,virginica,168,blue,8/9/2021,4.55,3.9
5.1,2.1,1.6,1.0,virginica,169,green,8/16/2020,22.01,28.2
6.5,3.5,1.4,0.2,setosa,170,blue,11/3/2020,23.05,6.6
7.2,2.1,4.3,2.3,versicolor,171,blue,8/12/2020,14.9,25.5
7.5,2.4,4.2,0.8,setosa,172,red,11/26/2022,6.7,47.6
5.3,2.7,5.4,1.3,setosa,173,blue,10/15/2021,0.05,2.5
6.2,4.3,1.1,1.0,versicolor,174,red,9/30/2020,6.08,6.4
7.0,4.0,5.2,2.2,versicolor,175,red,6/8/2020,3.06,17.2
7.6,3.8,5.9,1.6,virginica,176,blue,7/23/2020,3.72,26.1
7.3,4.3,5.3,1.8,setosa,177,blue,4/4/2022,0.92,-45.5
6.5,2.6,2.9,1.3,virginica,178,green,7/31/2020,20.52,-48.6
6.6,4.4,2.1,0.5,setosa,179,red,7/14/2021,16.51,-10.3
7.4,2.4,4.2,1.8,virginica,180,green,12/27/2020,23.81,11.4
4.8,2.6,2.1,1.8,versicolor,181,red,1/1/2022,2.84,45.9
5.9,4.1,2.1,1.7,virginica,182,green,6/24/2020,11.95,37.8
4.6,4.0,5.5,1.1,virginica,183,red,7/18/2020,12.96,9.7
5.5,2.6,4.7,0.9,virginica,184,blue,10/15/2021,4.39,-16.3
5.3,3.6,1.5,1.1,virginica,185,green,9/30/2020,2.6,46.1
6.4,3.6,6.5,1.6,versicolor,186,green,6/3/2022,12.09,-44.0
5.9,3.0,5.0,1.0,versicolor,187,blue,8/2/2021,9.18,36.5
6.4,4.2,1.4,0.2,virginica,188,blue,10/26/2021,0.34,-4.9
4.5,3.4,2.9,2.4,setosa,189,green,8/30/2022,7.35,-48.0
5.3,2.2,1.2,0.4,setosa,190,green,12/20/2022,13.56,11.5
6.5,2.6,5.6,0.8,setosa,191,green,7/22/2022,9.68,-39.9
7.3,3.5,2.8,1.0,virginica,192,green,2/11/2020,21.44,-22.1
5.9,2.4,4.3,0.5,setosa,193,blue,6/1/2020,22.2,43.1
6.8,2.2,3.8,1.5,virginica,194,red,7/17/2022,12.43,23.3
4.9,3.3,4.3,1.7,versicolor,195,green,3/5/2020,21.48,26.7
7.6,2.4,5.6,1.6,setosa,196,blue,8/26/2020,2.45,5.6
6.2,3.9,4.0,2.2,virginica,197,red,2/11/2022,7.51,-49.8
7.0,2.3,3.7,2.4,setosa,198,blue,12/25/2021,9.04,16.9
5.5,3.9,5.8,1.6,setosa,199,blue,5/8/2020,10.84,44.1
7.4,3.0,1.5,0.9,versicolor,200,blue,6/28/2020,16.55,-29.6
7.9,4.1,6.8,0.9,setosa,201,blue,10/14/2021,1.35,-38.6
4.5,4.2,6.4,0.2,virginica,202,blue,1/2/2022,5.24,48.6
6.7,2.9,2.0,1.2,setosa,203,blue,12/19/2020,19.6,-16.8
5.9,3.7,4.6,2.0,virginica,204,green,10/12/2021,23.26,-35.2
4.7,3.0,4.3,1.3,virginica,205,red,11/30/2021,19.07,40.4
5.4,3.9,5.9,2.1,versicolor,206,red,9/16/2021,23.78,-2.1
4.6,2.2,2.0,1.1,setosa,207,blue,8/7/2020,9.85,-34.6
7.6,3.7,1.5,0.7,versicolor,208,blue,7/25/2021,18.19,34.4
5.6,3.1,1.6,0.6,virginica,209,blue,3/23/2021,23.74,15.1
5.7,3.4,1.7,2.2,setosa,210,red,12/18/2021,23.21,20.7
7.6,3.7,3.7,1.0,setosa,211,red,5/22/2022,10.31,40.3
5.8,2.1,4.0,1.6,versicolor,212,red,4/8/2020,5.03,-25.4
7.5,2.7,4.3,1.9,setosa,213,green,6/25/2020,0.82,-14.1
7.8,2.8,3.0,2.2,versicolor,214,red,12/3/2020,4.09,33.4
5.6,4.2,1.4,1.3,virginica,215,blue,6/27/2020,0.41,13.8
7.6,2.2,5.4,2.2,virginica,216,red,3/20/2020,14.04,-32.6
6.9,2.8,6.8,1.8,versicolor,217,green,11/12/2021,22.44,21.6
5.9,3.7,1.3,0.1,virginica,218,green,2/22/2020,15.64,38.7
5.4,2.3,1.4,1.8,virginica,219,green,4/10/2020,11.32,-25.6
6.0,2.8,6.8,0.7,setosa,220,blue,3/17/2022,5.86,-23.2
6.4,4.2,2.1,0.4,setosa,221,green,2/2/2021,9.63,16.1
5.8,4.2,2.4,0.4,versicolor,222,green,8/26/2021,20.29,-45.7
5.3,2.2,1.2,1.2,setosa,223,blue,11/16/2022,12.87,-3.5
6.5,3.4,6.0,2.0,versicolor,224,green,2/15/2020,3.17,12.0
6.8,3.1,6.5,2.4,virginica,225,green,10/4/2021,16.5,-6.9
5.5,3.2,6.0,0.7,versicolor,226,green,1/30/2021,10.28,-32.0
6.0,3.9,5.2,1.8,versicolor,227,blue,4/17/2022,23.81,28.8
4.8,2.8,3.7,0.2,versicolor,228,red,9/9/2020,10.98,-25.6
5.2,3.2,4.7,0.8,setosa,229,green,9/6/2022,4.65,-14.8
6.8,2.5,5.2,1.6,setosa,230,red,10/7/2020,5.44,28.4
6.4,3.3,6.8,1.9,setosa,231,red,3/12/2021,8.72,40.1
5.7,3.7,1.3,0.6,versicolor,232,blue,1/17/2020,22.08,6.1
5.2,3.2,3.2,1.7,versicolor,233,green,4/5/2022,22.93,-49.1
7.1,3.8,2.5,1.2,versicolor,234,blue,5/13/2020,20.04,35.3
5.6,3.0,1.3,1.8,virginica,235,red,9/6/2022,9.15,30.4
6.2,2.5,2.0,1.7,versicolor,236,red,7/6/2020,3.61,34.4
7.8,4.0,2.0,0.6,versicolor,237,green,8/26/2022,21.36,-17.8
6.6,2.4,1.8,1.0,versicolor,238,red,1/19/2021,11.39,6.1
6.7,3.5,1.2,1.9,virginica,239,red,5/20/2020,12.36,-27.6
6.9,2.3,2.5,0.8,setosa,240,green,1/7/2020,5.45,30.1
6.7,4.1,5.1,1.0,virginica,241,green,10/5/2020,20.08,-29.0
7.2,2.4,1.5,1.0,versicolor,242,green,10/11/2021,23.02,-29.4
5.7,3.4,6.6,1.4,versicolor,243,blue,1/20/2020,9.12,-34.8
7.2,2.1,5.2,1.1,versicolor,244,blue,2/14/2020,23.64,22.8
7.3,2.9,5.7,2.1,virginica,245,green,1/27/2020,13.59,6.3
6.6,2.3,4.7,1.5,versicolor,246,red,2/27/2022,5.14,-17.7
7.0,2.2,6.2,1.9,setosa,247,red,4/18/2022,10.62,36.4
5.9,2.2,2.3,0.5,virginica,248,green,9/11/2022,9.28,49.3
4.9,4.1,6.9,1.6,virginica,249,blue,7/1/2021,15.03,-0.8
7.8,3.4,4.0,0.4,setosa,250,green,9/2/2022,23.79,28.1
6.6,3.6,1.1,1.9,versicolor,251,green,12/10/2020,14.12,31.7
7.0,2.3,3.8,1.9,virginica,252,red,3/9/2020,16.5,41.5
4.7,4.0,5.5,1.1,setosa,253,blue,1/14/2020,15.66,44.3
7.7,2.4,1.6,1.3,setosa,254,red,12/7/2022,15.79,16.7
5.2,4.1,5.9,0.6,virginica,255,green,7/26/2020,4.79,2.6
5.4,2.3,4.6,1.4,virginica,256,green,9/2/2022,9.48,-21.1
5.0,4.3,2.4,1.0,virginica,257,green,7/23/2020,11.73,8.3
6.4,2.0,4.5,1.2,setosa,258,green,4/10/2020,5.42,-48.9
6.5,4.3,6.9,0.9,setosa,259,blue,7/30/2020,9.22,24.0
6.0,2.8,2.8,0.2,virginica,260,green,2/10/2020,20.65,17.2
7.5,2.7,6.9,2.0,setosa,261,red,3/17/2021,17.1,39.3
6.8,2.6,6.3,1.6,versicolor,262,green,12/23/2022,22.49,17.2
5.9,3.9,6.5,1.1,setosa,263,red,12/19/2022,11.23,14.7
7.8,4.2,5.8,1.5,setosa,264,blue,3/16/2021,14.92,-28.3
5.0,3.0,6.8,1.7,virginica,265,red,9/18/2020,1.97,-14.9
7.6,3.7,5.9,0.3,versicolor,266,red,5/31/2021,21.21,-0.6
5.5,2.9,6.6,1.4,virginica,267,blue,6/22/2021,16.28,21.1
6.2,3.3,3.2,1.9,versicolor,268,red,10/17/2021,11.26,-46.9
6.3,2.2,1.6,0.6,virginica,269,blue,7/18/2021,3.19,17.9
6.4,2.8,1.0,2.3,virginica,270,red,10/7/2021,8.23,-35.9
6.5,2.7,1.5,0.7,virginica,271,blue,2/5/2022,5.18,-24.0
5.2,4.2,1.6,2.4,virginica,272,green,11/11/2021,14.41,-28.5
6.5,3.5,1.4,2.1,versicolor,273,red,12/3/2022,5.0,-35.7
4.4,3.0,5.1,1.9,virginica,274,blue,3/12/2022,16.35,-4.3
6.8,2.2,3.6,2.3,virginica,275,blue,5/11/2020,9.08,9.8
7.1,2.4,4.7,0.6,virginica,276,green,1/14/2020,2.25,-23.0
5.1,4.1,5.0,1.6,versicolor,277,blue,2/4/2021,22.8,33.8
7.5,3.8,1.8,1.6,virginica,278,green,12/28/2022,13.76,-43.8
6.6,3.8,3.9,0.5,setosa,279,green,5/7/2022,7.31,2.7
6.2,2.4,5.9,1.7,setosa,280,red,8/14/2020,21.98,48.5
5.8,3.9,1.6,0.8,virginica,281,blue,12/11/2022,5.32,49.9
5.7,2.0,3.9,0.7,versicolor,282,green,12/1/2021,13.89,1.5
5.8,3.7,3.4,0.6,virginica,283,green,10/30/2020,19.74,29.0
7.9,3.8,3.3,2.1,virginica,284,green,2/9/2020,21.14,38.1
6.7,2.4,4.2,0.2,virginica,285,green,11/6/2022,1.01,-47.9
5.0,2.7,2.3,1.4,setosa,286,red,8/22/2021,3.51,-14.4
6.2,4.1,4.6,1.5,virginica,287,green,7/13/2021,20.49,32.8
4.7,4.0,4.5,0.7,virginica,288,green,1/25/2022,23.3,-4.1
7.7,3.0,5.6,2.2,versicolor,289,blue,7/25/2020,3.73,-33.4
7.7,2.5,3.3,1.0,versicolor,290,blue,1/24/2022,14.4,27.0
6.3,3.4,5.0,2.2,versicolor,291,blue,10/28/2020,14.76,-36.0
6.1,4.4,6.7,0.7,versicolor,292,green,3/17/2021,1.37,-18.4
5.9,4.0,6.2,2.4,versicolor,293,green,10/16/2022,2.04,-27.2
6.4,3.6,4.3,0.4,setosa,294,red,7/12/2021,0.98,-4.3
5.7,2.7,4.1,0.2,setosa,295,red,1/13/2021,3.32,3.8
5.1,4.2,2.7,2.0,versicolor,296,blue,12/17/2020,7.21,-29.3
4.7,2.2,3.1,1.6,setosa,297,red,3/22/2020,8.24,-23.8
4.6,2.8,3.3,0.8,versicolor,298,blue,7/21/2022,17.82,30.7
7.5,3.1,3.5,0.4,virginica,299,green,5/30/2021,8.56,24.7
5.6,2.9,1.8,1.8,virginica,300,green,6/9/2021,21.32,43.0
4.4,2.5,4.5,2.0,setosa,301,red,7/1/2021,15.09,21.5
6.8,2.2,5.9,2.2,virginica,302,blue,8/25/2021,4.36,-31.4
5.2,4.2,3.1,0.7,setosa,303,red,1/29/2020,11.92,-47.8
7.6,3.9,3.8,1.7,versicolor,304,green,6/24/2020,1.92,-22.7
6.5,3.3,5.8,0.2,setosa,305,blue,9/18/2020,6.26,-29.9
6.6,2.9,1.7,2.2,setosa,306,red,10/17/2021,5.21,37.8
5.2,2.4,3.4,1.4,versicolor,307,red,2/25/2021,3.78,-37.3
7.8,2.5,1.9,0.3,versicolor,308,blue,6/28/2020,16.09,31.5
7.0,2.8,5.0,0.8,setosa,309,green,1/15/2020,9.17,-24.1
4.7,3.1,1.7,1.5,versicolor,310,green,3/29/2020,14.5,19.6
6.0,3.0,6.2,0.3,versicolor,311,red,4/16/2022,16.38,41.3
6.6,3.0,5.9,2.1,virginica,312,blue,5/10/2021,22.28,45.4
5.5,4.3,3.8,1.2,setosa,313,green,5/12/2021,15.79,-0.9
6.8,3.3,5.0,2.3,virginica,314,green,10/31/2021,20.44,-34.6
5.1,2.9,5.1,2.3,virginica,315,green,1/20/2021,14.82,-37.0
6.3,3.1,1.1,1.7,versicolor,316,green,11/13/2021,23.87,9.6
6.2,4.0,4.1,0.7,setosa,317,green,4/24/2021,14.22,2.8
6.7,3.1,3.2,2.1,setosa,318,red,10/31/2022,8.34,-41.7
7.9,2.3,4.4,1.9,virginica,319,red,6/3/2020,13.2,-36.1
6.6,3.3,6.9,1.2,versicolor,320,green,8/21/2022,15.29,-7.3
6.3,2.7,4.2,1.1,setosa,321,blue,3/11/2020,16.21,-49.5
4.7,2.9,1.3,0.5,virginica,322,blue,6/2/2022,10.72,-26.9
6.6,2.2,4.1,1.5,virginica,323,green,8/24/2021,15.05,-42.7
7.8,2.6,2.3,2.1,setosa,324,green,9/20/2022,20.98,47.4
6.2,3.9,3.5,1.6,versicolor,325,blue,7/24/2020,10.42,-36.9
6.6,4.3,5.2,1.3,setosa,326,blue,12/14/2022,6.41,6.3
6.9,3.5,3.9,2.4,setosa,327,green,12/13/2021,23.68,-28.5
5.6,2.7,2.0,0.2,versicolor,328,red,10/11/2021,22.37,3.8
6.8,3.5,4.5,1.2,virginica,329,blue,2/19/2021,5.33,8.6
7.6,3.8,4.2,0.5,virginica,330,blue,6/12/2022,20.89,35.0
5.1,2.4,3.7,2.1,setosa,331,blue,1/16/2021,14.55,-37.3
6.6,2.5,6.0,0.4,versicolor,332,red,10/22/2022,12.81,-44.5
6.8,4.0,2.9,1.8,virginica,333,blue,11/28/2021,14.49,-26.1
5.3,4.1,6.4,2.4,setosa,334,green,2/7/2022,16.61,29.6
6.2,3.9,2.3,0.4,versicolor,335,green,9/10/2021,18.08,26.1
7.9,2.7,5.9,1.1,setosa,336,green,2/1/2020,12.62,12.8
7.8,4.4,1.2,2.2,virginica,337,blue,12/3/2020,9.56,-6.8
5.9,4.2,5.5,0.4,setosa,338,red,11/12/2020,7.62,-43.1
7.8,3.6,5.3,1.4,setosa,339,green,10/15/2021,22.12,19.7
6.7,4.2,4.3,1.8,virginica,340,blue,10/22/2021,17.12,49.7
6.8,2.7,5.2,0.8,virginica,341,red,8/20/2021,3.75,20.0
5.5,3.5,4.0,1.7,virginica,342,blue,12/24/2020,2.33,-10.0
5.1,3.9,5.7,2.0,versicolor,343,red,8/25/2020,9.16,-39.3
5.3,2.1,6.2,2.2,versicolor,344,blue,1/16/2021,17.25,2.8
7.5,4.0,1.5,0.7,versicolor,345,red,3/18/2022,15.91,30.4
5.6,3.9,6.8,1.5,virginica,346,blue,8/27/2020,17.5,-45.3
4.4,3.4,1.9,0.4,virginica,347,blue,6/4/2020,11.36,-6.8
6.9,4.0,4.4,1.1,setosa,348,green,4/18/2020,9.53,40.9
6.2,3.9,3.9,1.2,virginica,349,blue,7/29/2020,10.67,-27.4
4.7,3.1,1.7,1.6,virginica,350,green,9/23/2022,13.35,-28.1
4.7,2.1,5.3,2.3,versicolor,351,green,11/19/2022,22.42,-36.4
6.7,2.2,2.8,0.5,virginica,352,green,5/2/2022,21.62,32.5
5.2,3.1,4.4,1.1,versicolor,353,green,8/3/2020,8.01,-21.0
4.9,4.2,4.1,2.3,setosa,354,red,10/10/2021,17.11,40.4
6.0,2.0,6.7,1.4,virginica,355,red,12/29/2020,0.64,-35.2
4.7,2.7,4.5,1.6,setosa,356,green,9/2/2021,10.96,-36.0
7.1,3.1,6.1,1.3,setosa,357,green,9/26/2022,3.5,44.2
6.2,3.9,6.4,1.3,virginica,358,red,3/3/2022,15.5,30.8
7.0,2.8,5.4,0.6,setosa,359,green,6/13/2020,23.78,14.0
6.2,3.7,3.5,1.5,virginica,360,red,7/22/2021,13.95,46.9
7.4,2.5,6.5,0.7,setosa,361,red,9/11/2021,6.1,-33.6
7.7,2.2,2.2,0.4,setosa,362,red,4/14/2022,11.5,-13.2
7.8,2.0,4.8,0.5,virginica,363,red,7/8/2020,7.91,14.2
4.7,2.6,6.3,0.7,virginica,364,blue,5/30/2020,8.87,-9.3
6.2,2.1,1.4,1.3,versicolor,365,blue,8/24/2020,21.65,-27.2
6.9,3.5,3.6,0.5,virginica,366,blue,1/27/2022,12.46,3.4
5.9,2.8,5.7,2.4,virginica,367,red,9/20/2020,21.41,13.5
6.6,3.5,5.4,0.3,versicolor,368,red,2/21/2021,14.08,16.5
7.2,2.6,6.8,0.2,virginica,369,green,6/15/2021,9.16,31.9
6.3,2.1,4.5,2.4,setosa,370,red,10/28/2022,5.64,-24.7
4.4,3.2,4.1,2.1,virginica,371,red,10/22/2021,23.98,32.2
6.3,3.4,1.5,1.5,setosa,372,green,12/28/2022,11.77,46.9
5.3,3.2,5.1,1.0,versicolor,373,green,1/29/2021,4.04,19.8
6.7,2.6,5.0,1.8,versicolor,374,blue,8/10/2021,8.43,5.0
4.6,3.5,2.4,0.8,setosa,375,red,5/6/2022,6.0,31.1
5.8,3.2,3.5,1.4,versicolor,376,blue,9/8/2021,17.04,30.8
5.5,3.2,4.6,0.3,setosa,377,red,6/19/2021,3.25,-37.0
5.5,4.4,3.1,1.4,virginica,378,green,11/4/2021,6.39,46.9
5.1,3.5,1.2,2.0,setosa,379,red,3/20/2021,12.97,-43.2
6.4,3.8,2.5,0.5,setosa,380,green,8/1/2020,9.56,-15.2
5.5,3.3,4.9,0.8,versicolor,381,blue,4/20/2021,1.04,-44.8
5.2,2.9,2.3,0.4,virginica,382,red,11/18/2020,8.28,35.9
4.9,3.5,6.5,1.3,virginica,383,green,5/23/2021,13.31,-49.7
5.1,2.4,3.3,1.6,virginica,384,green,2/26/2020,11.76,-21.0
6.3,2.3,4.9,1.4,setosa,385,red,4/26/2020,2.48,11.8
6.5,2.9,6.1,0.5,setosa,386,blue,11/3/2022,9.46,-30.9
5.9,4.3,3.8,2.5,setosa,387,red,11/16/2022,10.11,25.8
6.5,2.1,5.1,1.4,setosa,388,green,11/4/2021,20.25,-7.9
7.7,2.2,5.6,1.5,virginica,389,green,11/16/2022,0.62,-20.0
5.6,3.9,6.1,1.8,virginica,390,red,6/23/2022,6.23,-20.6
6.4,2.2,4.4,2.3,virginica,391,red,9/20/2020,2.9,-35.5
7.1,3.0,2.4,0.9,versicolor,392,red,10/18/2021,23.29,-35.9
7.1,4.3,3.0,0.8,virginica,393,green,9/23/2021,12.04,34.9
5.4,3.0,1.9,0.7,virginica,394,blue,6/22/2022,11.37,32.9
5.6,2.8,2.7,0.9,versicolor,395,blue,7/9/2020,13.77,18.1
6.8,2.8,6.6,0.8,setosa,396,blue,8/31/2021,16.49,-25.7
5.5,2.8,4.0,0.8,virginica,397,green,2/5/2022,3.39,-26.8
7.7,3.0,3.9,2.3,setosa,398,red,1/31/2020,22.67,-36.7
4.7,2.1,3.4,0.6,versicolor,399,green,3/17/2021,13.89,1.7
5.0,3.5,6.6,0.3,virginica,400,blue,2/18/2021,11.13,38.5
5.2,4.3,3.6,1.8,setosa,401,green,8/22/2020,10.32,18.2
5.7,3.2,3.2,1.2,setosa,402,red,2/11/2020,16.73,6.7
4.9,3.3,3.7,2.1,versicolor,403,blue,8/3/2020,1.53,-18.6
7.1,3.4,3.6,2.4,setosa,404,green,6/21/2020,11.72,-29.8
4.8,3.9,3.4,1.3,setosa,405,blue,10/25/2020,5.68,25.7
5.0,3.2,6.6,2.5,virginica,406,blue,12/3/2021,21.9,3.5
6.4,2.0,2.9,0.5,versicolor,407,blue,7/1/2021,10.7,-2.3
6.6,2.6,4.0,0.7,versicolor,408,blue,8/5/2021,8.16,44.1
7.7,2.4,5.5,0.4,versicolor,409,blue,6/21/2022,10.09,27.0
6.2,4.2,2.0,1.5,virginica,410,blue,10/30/2020,0.02,-39.6
5.4,2.4,3.1,1.8,virginica,411,green,5/15/2021,14.62,-38.4
5.9,4.1,1.1,1.0,versicolor,412,red,2/13/2022,4.03,-7.9
7.1,3.2,4.5,0.6,setosa,413,red,1/13/2020,4.68,2.6
5.3,3.8,1.8,2.2,versicolor,414,blue,9/30/2021,0.38,25.3
7.8,4.3,2.6,2.2,virginica,415,green,4/1/2021,19.86,-42.1
7.1,2.8,2.1,1.5,versicolor,416,red,11/9/2020,14.12,-7.9
7.5,4.2,6.5,2.2,setosa,417,green,6/22/2021,12.34,-13.9
7.8,3.7,4.0,0.3,virginica,418,green,9/13/2022,4.05,-16.9
7.6,3.1,3.3,0.4,virginica,419,blue,7/25/2022,23.88,6.5
5.4,2.0,3.5,2.2,virginica,420,blue,11/15/2020,9.0,15.2
6.6,3.5,1.1,0.9,setosa,421,red,10/22/2021,0.51,-35.2
6.7,3.6,5.5,2.0,virginica,422,green,10/4/2022,0.5,43.2
6.3,2.7,4.0,2.1,virginica,423,blue,11/6/2022,17.67,10.1
5.7,2.6,3.0,2.3,versicolor,424,blue,1/7/2022,19.08,39.3
7.0,3.3,3.4,0.2,virginica,425,red,4/28/2020,7.24,49.1
6.7,3.5,2.8,2.2,virginica,426,blue,1/1/2020,21.33,-26.6
5.3,2.3,3.4,0.5,setosa,427,blue,2/12/2021,6.35,19.7
6.3,3.6,2.9,1.5,setosa,428,blue,5/11/2020,9.11,28.4
4.6,3.2,3.4,0.5,virginica,429,blue,8/29/2020,20.13,43.1
5.6,2.4,6.4,0.2,virginica,430,blue,8/31/2020,6.2,10.7
6.3,2.7,5.4,1.7,versicolor,431,red,12/4/2022,0.31,6.7
6.3,4.1,4.4,1.6,setosa,432,red,12/14/2020,22.36,-18.5
4.4,3.6,6.4,2.1,versicolor,433,blue,8/16/2021,18.83,9.3
5.2,3.7,5.4,0.6,versicolor,434,red,11/29/2021,14.16,-22.9
4.3,3.8,6.7,2.2,virginica,435,blue,3/8/2021,12.79,40.4
7.3,3.3,6.3,0.3,setosa,436,red,9/28/2020,15.04,-35.9
7.4,2.8,6.8,0.2,setosa,437,blue,11/6/2021,5.65,-31.7
7.2,3.3,5.9,2.2,setosa,438,red,2/25/2020,8.71,23.8
4.8,3.5,1.2,0.2,setosa,439,green,5/14/2021,17.07,43.6
7.3,2.2,5.5,2.4,virginica,440,green,11/16/2020,6.7,-5.9
5.3,4.2,1.4,0.5,setosa,441,green,2/3/2021,13.99,7.5
5.9,3.3,5.5,1.2,setosa,442,blue,11/20/2021,21.22,0.1
6.7,4.3,6.2,1.1,setosa,443,green,3/21/2022,14.06,-26.1
5.6,3.3,5.3,1.1,virginica,444,red,3/24/2020,15.05,16.0
5.6,3.7,6.2,1.2,virginica,445,red,9/8/2022,13.23,-48.5
6.3,3.4,2.6,2.2,virginica,446,red,6/9/2021,8.84,36.9
5.0,2.6,6.0,0.8,virginica,447,green,4/19/2020,10.15,-39.1
7.2,2.3,4.2,0.9,setosa,448,red,2/27/2022,16.82,-8.3
6.2,2.7,2.3,0.6,versicolor,449,blue,4/18/2021,10.34,-18.3
7.0,2.7,2.0,2.4,versicolor,450,green,8/19/2021,22.28,16.7
7.1,2.2,5.3,0.5,virginica,451,red,5/19/2021,21.99,35.8
6.8,2.9,1.3,0.8,setosa,452,green,8/6/2020,11.49,-22.9
7.3,4.1,1.3,0.7,virginica,453,red,12/20/2022,7.97,-38.2
7.3,4.0,2.8,2.0,setosa,454,blue,4/3/2021,2.05,-39.6
7.6,2.7,3.1,2.0,setosa,455,red,10/11/2021,11.01,43.0
5.9,3.1,1.3,1.9,setosa,456,blue,11/23/2021,6.78,-19.6
5.9,2.1,4.9,0.2,setosa,457,blue,6/26/2021,20.75,42.5
5.7,2.4,5.8,2.0,versicolor,458,red,2/24/2022,13.47,-32.6
6.1,4.1,3.6,1.4,setosa,459,green,4/14/2022,14.84,-3.4
6.7,3.9,3.5,0.6,versicolor,460,green,7/9/2022,5.67,7.8
5.8,3.0,3.4,0.2,setosa,461,blue,2/11/2021,19.08,-8.5
4.3,3.8,5.9,1.4,versicolor,462,blue,11/14/2021,18.48,43.9
7.8,2.8,2.8,0.8,setosa,463,green,1/16/2020,18.49,27.4
7.9,2.6,5.5,0.7,versicolor,464,red,9/16/2020,15.03,-32.3
6.5,2.1,1.0,1.1,setosa,465,green,8/2/2021,8.64,-1.4
7.2,3.1,2.3,1.7,virginica,466,blue,7/20/2020,0.86,49.8
6.7,3.5,5.4,2.3,virginica,467,blue,11/15/2020,8.63,34.9
5.8,3.6,2.4,0.4,setosa,468,green,6/2/2020,10.25,27.7
4.7,2.1,3.0,1.5,virginica,469,blue,10/29/2020,2.96,-26.3
7.5,2.2,3.5,2.4,versicolor,470,green,3/14/2022,8.77,12.9
4.3,3.2,2.5,0.5,versicolor,471,blue,12/9/2022,6.03,7.4
6.0,2.1,6.1,0.1,setosa,472,green,2/21/2020,11.5,1.5
6.5,4.0,4.8,2.1,virginica,473,red,8/15/2020,1.6,-6.3
4.5,3.0,3.3,1.0,versicolor,474,blue,8/6/2020,21.76,23.8
4.7,3.6,3.4,1.9,virginica,475,red,11/18/2022,21.58,3.0
5.9,4.4,6.2,1.9,setosa,476,red,6/21/2021,1.44,35.5
5.8,2.4,5.0,1.9,versicolor,477,blue,6/30/2022,23.2,5.6
4.7,2.9,5.7,1.5,virginica,478,blue,2/8/2021,22.15,-12.7
6.9,3.2,1.1,1.8,setosa,479,blue,1/9/2022,23.99,-11.3
6.3,4.2,4.7,0.9,versicolor,480,blue,6/17/2020,12.36,-35.9
5.8,4.0,6.7,1.5,setosa,481,red,4/4/2021,20.88,-8.7
5.4,2.4,4.2,2.3,virginica,482,green,11/2/2020,10.69,-44.1
6.4,2.5,1.4,1.9,versicolor,483,blue,5/11/2021,6.62,27.3
5.3,3.7,1.1,1.3,setosa,484,red,3/2/2020,6.47,47.5
6.3,4.1,2.9,2.3,setosa,485,red,4/17/2021,8.81,-26.8
4.4,2.6,1.9,1.9,virginica,486,blue,6/7/2021,19.5,-0.2
4.7,4.1,6.0,0.7,virginica,487,red,6/17/2020,7.95,-42.4
7.8,4.2,4.3,1.1,virginica,488,blue,12/8/2021,13.57,35.3
7.3,2.9,6.3,1.0,setosa,489,green,7/16/2022,16.23,-25.4
5.4,3.9,4.4,1.1,setosa,490,red,1/19/2021,2.81,0.2
5.0,3.0,6.4,1.9,versicolor,491,red,4/16/2022,4.26,-35.4
5.5,3.6,6.6,1.0,versicolor,492,blue,3/2/2020,9.19,29.4
6.7,2.5,5.9,1.7,virginica,493,green,6/19/2020,14.9,39.3
5.0,3.6,4.1,0.7,virginica,494,blue,5/4/2022,5.93,-2.6
4.7,3.0,2.3,1.1,setosa,495,blue,7/17/2021,6.91,-13.3
7.5,4.1,5.4,2.4,versicolor,496,blue,11/26/2021,4.34,30.1
6.0,4.0,2.7,0.2,virginica,497,red,3/28/2022,12.02,33.4
4.7,2.3,6.3,1.8,versicolor,498,green,1/1/2022,8.68,14.1
7.4,4.4,2.1,0.7,virginica,499,red,6/17/2021,7.85,-44.0
6.4,3.5,6.3,2.4,virginica,500,blue,5/12/2020,17.02,-42.4
6.7,2.5,3.4,0.4,versicolor,501,red,9/9/2021,0.63,46.3
7.2,2.5,4.6,1.2,setosa,502,red,12/24/2020,0.93,-36.5
6.9,4.4,5.5,0.8,virginica,503,green,12/16/2020,16.17,-32.8
7.0,3.7,2.0,0.6,virginica,504,green,1/28/2022,13.39,2.4
7.0,4.3,5.1,0.2,virginica,505,green,4/27/2021,19.24,-49.2
6.2,2.1,5.3,0.4,virginica,506,blue,8/13/2021,1.3,-15.5
5.6,2.8,6.3,0.2,versicolor,507,green,5/24/2021,2.18,30.2
5.9,3.0,6.1,2.2,virginica,508,red,2/1/2021,23.55,20.4
7.6,2.7,4.4,0.9,virginica,509,blue,4/21/2020,17.22,-20.8
7.8,2.5,6.2,2.5,setosa,510,blue,7/9/2022,12.87,10.4
7.8,4.2,3.9,1.3,virginica,511,green,1/6/2021,15.8,-43.8
5.3,3.9,1.0,0.1,setosa,512,red,9/21/2021,8.62,-0.6
5.7,2.6,4.1,2.1,setosa,513,red,8/15/2021,14.46,-6.8
7.5,2.4,6.5,1.8,setosa,514,green,11/2/2022,18.2,-14.6
6.0,2.6,2.8,2.0,versicolor,515,green,1/24/2022,23.2,-15.9
5.0,3.5,6.1,2.2,setosa,516,green,6/10/2022,9.14,-35.9
7.1,3.0,5.1,1.2,virginica,517,green,7/12/2022,3.46,-2.6
5.3,3.0,1.2,1.6,setosa,518,blue,2/21/2021,23.09,-34.3
7.4,4.0,2.3,2.2,setosa,519,green,9/17/2022,9.97,34.1
7.3,2.0,3.9,1.6,virginica,520,red,2/14/2020,2.34,-27.0
5.4,4.3,6.1,1.7,setosa,521,green,10/31/2021,21.54,14.1
4.8,3.7,4.0,0.9,versicolor,522,blue,11/10/2021,7.07,-45.5
5.0,4.4,4.4,1.2,virginica,523,blue,5/16/2020,11.34,-27.1
5.3,2.5,6.7,1.6,setosa,524,red,4/23/2020,20.47,33.2
7.2,2.3,1.8,1.9,versicolor,525,green,5/29/2021,18.84,11.8
7.5,3.0,1.9,2.4,virginica,526,blue,5/11/2021,11.65,47.5
6.2,2.0,2.0,0.7,virginica,527,red,11/7/2022,18.63,-16.8
4.9,3.1,6.0,0.8,virginica,528,blue,11/27/2021,0.9,-43.9
7.5,3.0,5.2,0.3,setosa,529,green,7/12/2021,19.63,-45.4
7.3,3.0,3.5,1.8,versicolor,530,blue,5/27/2020,9.79,27.2
7.0,2.8,1.2,0.4,setosa,531,blue,5/3/2022,17.3,43.4
7.1,2.6,1.1,0.8,virginica,532,green,1/29/2021,19.83,-46.6
7.1,4.1,4.4,0.3,versicolor,533,red,5/11/2022,0.91,-14.8
7.2,2.1,4.4,1.3,versicolor,534,blue,9/6/2022,3.13,-28.7
7.3,3.2,4.2,2.5,virginica,535,blue,4/3/2020,8.93,38.1
6.1,2.6,2.6,1.5,setosa,536,red,12/20/2021,10.72,-14.8
4.9,3.0,2.1,1.9,virginica,537,green,11/7/2021,11.36,-13.8
6.5,2.2,3.7,2.5,versicolor,538,blue,7/26/2021,22.04,-28.7
4.9,2.5,2.1,2.3,setosa,539,green,9/30/2022,4.86,46.4
6.3,4.0,4.3,1.2,versicolor,540,blue,5/9/2022,14.43,-0.5
6.4,2.8,3.1,0.7,virginica,541,blue,7/22/2021,7.86,-24.3
4.3,2.6,3.2,0.1,virginica,542,green,10/26/2020,22.0,-16.8
5.0,3.9,4.8,0.6,setosa,543,red,1/30/2020,9.44,-32.0
6.0,3.1,5.7,1.3,virginica,544,blue,9/12/2022,12.96,30.7
7.8,2.4,4.8,1.8,versicolor,545,red,1/8/2020,17.92,-37.3
7.2,2.8,2.6,1.8,versicolor,546,blue,7/8/2022,22.98,-23.9
6.5,2.4,2.2,0.5,versicolor,547,red,4/24/2021,22.42,-35.0
7.1,2.7,1.2,0.9,versicolor,548,red,5/4/2022,21.52,42.3
7.8,2.1,3.8,1.7,versicolor,549,blue,7/21/2021,13.86,41.0
4.9,3.6,2.6,1.0,virginica,550,red,8/19/2022,4.45,16.7
4.7,2.6,1.2,0.4,virginica,551,green,6/27/2022,1.51,35.0
6.6,3.7,5.6,1.0,virginica,552,green,4/22/2021,19.1,-22.1
6.7,3.9,5.8,1.5,versicolor,553,blue,6/14/2022,18.34,-18.1
5.0,3.8,5.5,1.3,versicolor,554,blue,12/3/2022,6.07,27.2
5.7,3.2,2.5,2.4,virginica,555,blue,11/17/2022,1.38,39.6
6.6,2.4,1.7,1.6,setosa,556,blue,8/16/2021,4.71,-46.4
7.3,3.7,4.6,1.2,setosa,557,red,10/21/2022,7.88,-21.9
7.6,3.6,4.6,0.6,setosa,558,blue,10/19/2020,15.88,45.1
7.5,2.3,6.3,0.4,versicolor,559,red,5/3/2021,16.45,3.1
6.5,3.2,2.9,0.2,versicolor,560,green,7/26/2022,9.82,-35.2
4.4,2.5,5.8,1.3,setosa,561,red,3/4/2022,22.33,38.7
6.4,3.0,3.5,1.6,virginica,562,blue,7/25/2020,10.69,-5.1
5.9,3.7,4.9,1.9,virginica,563,red,5/15/2020,5.52,-31.0
7.2,4.4,2.6,0.5,virginica,564,green,5/23/2021,10.9,5.6
6.6,2.6,4.6,1.2,setosa,565,green,8/25/2021,4.27,-26.1
4.4,3.7,4.0,0.6,versicolor,566,blue,6/21/2021,2.51,-30.8
5.3,3.7,1.5,1.8,virginica,567,green,1/16/2022,10.46,24.1
6.9,4.4,1.7,1.8,versicolor,568,red,10/12/2022,6.65,-42.1
7.6,4.3,6.1,2.0,versicolor,569,blue,6/27/2022,17.11,-9.2
6.9,2.1,1.4,1.6,versicolor,570,green,12/19/2020,15.57,6.6
4.8,3.4,2.7,0.8,setosa,571,red,6/26/2022,22.41,30.0
6.7,2.7,6.8,1.2,versicolor,572,green,4/9/2020,6.33,42.6
7.5,2.1,1.5,1.1,setosa,573,green,12/21/2022,1.88,-44.5
5.1,3.6,5.6,1.2,setosa,574,blue,9/4/2020,0.32,4.7
7.4,2.9,2.7,1.9,virginica,575,red,4/25/2021,12.97,13.3
5.7,4.2,3.7,1.7,virginica,576,red,4/12/2021,5.1,12.6
4.4,3.4,3.3,1.4,virginica,577,blue,6/9/2020,5.51,-5.0
6.6,2.8,2.7,1.7,virginica,578,green,3/12/2020,13.06,-49.6
6.4,3.0,2.0,0.5,virginica,579,blue,7/23/2021,9.38,-28.9
5.1,2.8,2.2,1.4,setosa,580,green,12/31/2020,5.88,7.0
4.9,3.6,2.3,0.3,setosa,581,blue,10/7/2021,10.44,-6.5
6.9,3.3,3.3,0.2,versicolor,582,blue,8/23/2022,15.35,48.7
4.4,3.5,5.7,0.2,versicolor,583,red,2/10/2022,20.49,-4.1
4.8,2.6,1.6,1.1,versicolor,584,green,9/4/2022,13.03,-25.1
7.3,2.2,2.7,1.9,virginica,585,green,7/5/2021,22.86,-36.3
6.4,3.1,5.5,2.0,versicolor,586,green,3/31/2020,18.38,37.5
4.8,2.9,4.8,2.0,setosa,587,green,3/22/2020,7.82,-7.5
5.2,3.9,2.9,1.1,versicolor,588,blue,11/13/2020,5.94,11.0
4.5,2.1,3.3,2.1,setosa,589,red,8/22/2020,7.51,-32.1
6.3,3.5,2.4,0.3,versicolor,590,blue,9/30/2020,8.78,-37.9
6.3,3.3,1.6,2.3,setosa,591,green,10/31/2021,0.15,-18.4
7.4,2.8,2.1,0.9,versicolor,592,red,8/16/2022,5.6,-36.2
4.9,3.4,2.6,1.3,virginica,593,green,11/16/2021,19.35,1.7
7.3,2.1,5.2,0.8,virginica,594,red,3/16/2022,6.88,43.2
7.5,3.0,6.7,1.9,virginica,595,green,4/10/2021,6.3,27.2
4.7,2.1,1.1,0.4,versicolor,596,red,1/25/2021,19.21,-25.0
4.4,2.2,2.3,0.6,setosa,597,blue,7/7/2022,2.78,-27.1
5.7,3.3,4.2,2.2,setosa,598,green,3/6/2021,6.09,-19.8
7.8,2.2,2.0,1.7,versicolor,599,blue,2/8/2022,10.39,44.2
4.7,3.5,2.6,0.4,virginica,600,red,6/5/2021,13.82,-24.6
7.7,2.2,3.2,1.3,versicolor,601,green,6/9/2021,12.26,42.5
4.7,3.0,4.9,2.1,versicolor,602,red,2/5/2022,19.85,-4.8
6.3,4.0,3.7,0.4,setosa,603,green,11/4/2022,5.24,5.8
7.3,3.9,5.6,1.9,setosa,604,green,8/7/2021,15.18,-18.1
7.9,2.3,6.1,2.2,virginica,605,blue,6/4/2022,21.18,28.2
7.6,2.5,4.8,1.5,setosa,606,green,10/30/2021,7.59,-27.7
4.5,3.4,2.9,1.1,virginica,607,blue,3/29/2022,8.75,25.7
4.4,2.7,4.6,1.4,setosa,608,red,2/22/2021,17.75,-45.6
7.5,3.3,2.8,1.0,setosa,609,red,11/18/2022,6.72,6.4
7.0,2.2,5.1,0.7,setosa,610,blue,7/14/2021,5.66,49.4
7.6,3.5,5.5,0.2,virginica,611,blue,9/24/2022,9.46,30.3
7.2,2.7,1.3,0.6,versicolor,612,green,11/24/2021,14.95,35.0
7.2,2.3,3.5,1.7,setosa,613,blue,8/27/2020,6.84,-13.3
5.8,2.8,4.3,1.1,setosa,614,red,4/4/2020,17.21,-22.2
7.9,2.1,4.5,2.0,setosa,615,green,2/16/2021,16.9,39.6
5.4,3.0,1.9,1.0,virginica,616,blue,3/23/2022,7.72,5.8
6.8,4.0,6.4,1.5,versicolor,617,red,6/5/2020,11.57,-38.5
6.9,2.8,5.1,0.3,setosa,618,green,11/16/2022,3.82,-28.8
4.3,3.3,5.9,1.2,setosa,619,green,9/19/2020,9.35,-14.9
7.2,3.3,4.9,2.2,versicolor,620,blue,8/12/2020,9.12,16.1
4.7,2.3,3.5,2.0,virginica,621,green,5/30/2020,0.7,45.0
6.3,3.3,1.8,1.3,setosa,622,blue,5/8/2022,9.79,-42.0
5.7,2.2,5.0,1.9,versicolor,623,blue,7/21/2020,8.16,-11.0
5.5,2.3,2.0,1.4,versicolor,624,red,3/29/2022,3.28,-36.9
4.3,2.4,1.4,1.7,setosa,625,blue,6/19/2022,12.76,-27.2
6.2,3.8,1.6,2.3,virginica,626,blue,3/4/2021,7.34,-9.1
7.6,2.2,4.0,0.4,setosa,627,blue,12/11/2020,6.47,-37.4
6.9,2.5,1.9,0.9,setosa,628,red,5/1/2022,16.87,23.8
5.5,2.3,5.5,1.3,setosa,629,blue,1/29/2021,0.5,31.7
5.3,4.2,5.6,1.8,virginica,630,blue,10/24/2022,16.62,30.3
6.0,2.1,1.2,2.1,setosa,631,green,6/24/2021,1.7,-14.7
7.0,2.1,5.8,2.5,versicolor,632,red,11/21/2021,19.39,-15.5
4.8,2.7,4.4,0.5,virginica,633,green,3/22/2020,18.17,-18.5
7.9,3.0,2.3,0.4,setosa,634,red,10/16/2022,20.32,29.1
4.8,3.3,4.3,0.7,setosa,635,green,11/12/2020,3.93,25.2
4.6,4.1,2.2,1.5,versicolor,636,red,1/26/2022,20.75,-11.4
4.4,3.3,5.7,0.6,setosa,637,green,5/5/2021,1.97,-6.1
5.0,3.1,2.2,2.4,setosa,638,green,11/25/2022,1.82,-26.1
5.9,2.8,1.0,1.0,versicolor,639,green,1/30/2022,4.43,1.2
5.0,3.9,6.6,1.1,versicolor,640,red,3/23/2022,7.36,48.2
6.4,4.1,5.8,2.4,virginica,641,red,6/18/2020,23.46,-35.5
5.0,2.6,3.2,2.4,versicolor,642,red,7/25/2021,15.83,13.4
5.3,3.3,6.4,0.9,virginica,643,green,10/25/2022,10.17,-24.6
5.4,3.2,5.8,2.3,setosa,644,blue,10/19/2021,1.75,10.1
4.9,3.9,1.8,2.1,versicolor,645,green,6/12/2021,6.14,34.5
6.6,2.4,2.5,0.8,versicolor,646,blue,8/13/2021,1.81,40.5
5.8,3.3,4.6,0.5,versicolor,647,red,4/28/2021,11.28,-10.8
4.8,2.5,5.7,1.8,versicolor,648,green,7/19/2021,12.46,-22.3
7.6,3.5,5.7,0.8,virginica,649,red,1/14/2020,7.74,6.0
7.8,4.1,5.7,1.9,virginica,650,blue,4/5/2022,0.38,18.3
4.4,3.1,1.7,2.1,versicolor,651,blue,12/19/2022,9.03,-22.3
4.5,4.2,6.3,2.3,virginica,652,blue,11/10/2020,11.36,-12.1
4.6,2.8,1.6,0.7,virginica,653,blue,12/25/2021,15.01,-8.1
6.6,2.9,5.7,1.7,versicolor,654,blue,3/9/2022,5.5,47.0
5.7,3.4,4.3,0.9,versicolor,655,green,2/9/2021,11.85,-36.6
7.4,2.1,1.9,1.2,versicolor,656,green,3/21/2021,6.96,-39.1
5.3,2.4,6.8,1.1,virginica,657,blue,2/17/2020,3.75,-23.0
6.0,2.4,4.5,2.4,setosa,658,green,12/13/2022,1.34,25.4
7.6,3.9,3.9,2.2,setosa,659,blue,5/25/2021,5.48,-9.6
5.7,3.6,1.1,2.0,versicolor,660,green,12/8/2022,12.48,18.6
7.2,2.5,3.7,0.8,virginica,661,red,7/1/2022,14.1,-10.2
7.0,2.1,5.3,0.1,virginica,662,green,1/12/2020,0.32,-42.1
4.5,3.4,2.2,0.4,virginica,663,green,2/15/2022,13.99,-23.0
4.7,3.5,4.9,2.1,virginica,664,blue,7/13/2022,1.15,-43.3
7.8,2.4,1.8,1.2,versicolor,665,red,5/16/2022,19.61,-47.0
6.3,2.4,2.2,2.1,versicolor,666,green,12/4/2020,22.06,-49.6
4.3,2.8,4.5,0.5,virginica,667,red,6/23/2020,13.84,19.6
7.9,3.1,4.9,1.1,versicolor,668,blue,9/29/2021,1.88,-41.8
7.4,3.1,2.3,2.1,versicolor,669,green,8/18/2021,7.12,-42.1
7.4,3.1,6.1,1.0,setosa,670,blue,8/19/2022,8.86,-3.0
7.8,4.1,5.2,0.9,setosa,671,green,2/16/2020,6.18,-25.7
6.4,3.1,3.7,1.6,setosa,672,green,12/17/2021,7.35,-13.6
4.4,3.5,3.3,0.4,setosa,673,red,7/3/2020,19.07,-38.2
5.9,4.0,6.3,2.2,versicolor,674,blue,4/24/2022,13.11,30.8
5.4,3.0,5.2,1.2,virginica,675,blue,7/16/2021,17.95,-7.1
7.5,2.7,4.1,0.7,setosa,676,red,8/16/2020,11.52,-0.8
6.7,3.8,6.6,2.4,setosa,677,blue,4/28/2020,14.75,-28.3
7.4,3.7,2.3,1.5,virginica,678,green,1/3/2020,8.11,-8.4
5.4,2.2,6.5,2.0,setosa,679,red,6/21/2020,23.27,1.5
7.5,3.1,2.8,1.8,virginica,680,green,7/16/2021,13.36,15.5
5.2,3.0,2.8,2.2,virginica,681,red,2/16/2020,5.89,0.3
5.3,3.9,6.7,0.6,versicolor,682,green,6/15/2021,0.19,-1.2
6.9,3.2,6.5,0.5,setosa,683,blue,3/5/2021,5.14,-23.3
7.2,3.3,2.1,0.3,versicolor,684,green,4/10/2021,9.28,-7.8
4.7,2.9,3.6,0.5,versicolor,685,green,9/10/2020,14.16,-29.9
5.2,2.5,4.6,0.1,setosa,686,red,8/18/2020,22.03,37.5
5.6,4.2,3.9,1.0,versicolor,687,blue,9/11/2022,17.96,21.9
7.1,2.3,1.1,0.9,virginica,688,blue,9/7/2022,21.14,-0.1
4.8,3.7,2.2,2.4,setosa,689,red,9/23/2021,22.33,33.1
7.4,4.1,5.9,1.5,virginica,690,green,1/18/2022,0.8,-13.7
4.7,4.3,4.1,0.4,setosa,691,blue,4/23/2020,22.89,28.8
7.5,3.4,6.4,2.0,versicolor,692,red,9/11/2021,21.77,14.6
5.4,3.1,3.3,0.6,virginica,693,green,8/29/2022,8.23,26.4
7.5,2.4,6.4,1.3,virginica,694,red,2/9/2020,20.97,1.7
7.2,3.3,6.0,2.5,versicolor,695,green,1/4/2021,15.13,18.0
5.0,2.9,5.3,2.3,setosa,696,red,8/13/2022,7.75,-21.7
5.9,3.0,6.2,1.4,versicolor,697,red,5/4/2021,2.6,-34.4
4.7,2.6,6.6,2.3,setosa,698,red,6/5/2020,1.34,-48.6
6.9,2.1,3.0,0.7,setosa,699,blue,10/10/2022,9.07,-31.3
7.0,2.0,5.1,2.1,versicolor,700,red,6/22/2020,3.78,-14.3
5.9,3.5,2.4,0.4,versicolor,701,blue,2/20/2022,13.78,26.2
7.2,3.8,3.2,0.3,virginica,702,green,7/31/2021,16.69,-28.7
7.8,3.7,1.6,1.5,versicolor,703,red,12/31/2021,20.4,-10.2
5.3,2.7,6.5,2.5,virginica,704,red,10/16/2020,20.98,37.0
6.3,3.1,5.4,2.2,virginica,705,red,11/7/2020,6.92,-1.2
4.5,3.4,3.9,0.8,virginica,706,red,7/23/2021,10.09,-20.0
5.4,2.6,5.4,1.5,versicolor,707,blue,4/22/2022,11.35,30.7
7.0,2.3,5.3,2.5,setosa,708,blue,2/19/2020,18.53,-30.8
5.0,2.3,5.0,1.2,setosa,709,blue,7/21/2021,20.89,-6.5
6.8,3.6,4.9,0.4,virginica,710,green,11/14/2020,17.61,-14.3
5.7,2.3,6.6,1.0,versicolor,711,green,6/23/2022,2.93,26.3
4.5,2.5,5.7,1.4,versicolor,712,blue,3/27/2020,11.54,-21.8
5.7,3.1,2.0,2.1,setosa,713,green,10/19/2021,8.41,-15.2
7.1,3.9,6.6,0.8,versicolor,714,green,3/26/2021,0.56,-16.9
7.0,4.2,2.4,1.3,versicolor,715,green,2/23/2020,0.35,-45.5
7.5,3.7,5.0,2.2,versicolor,716,red,8/7/2021,18.38,-26.4
6.4,2.2,5.5,1.3,virginica,717,red,8/7/2022,14.39,-38.6
5.9,2.2,3.4,0.1,virginica,718,blue,10/17/2021,17.24,41.8
7.0,2.5,2.7,1.9,versicolor,719,green,5/18/2020,11.32,-31.4
5.8,3.1,6.9,0.7,versicolor,720,blue,3/23/2022,10.98,-23.8
5.2,3.2,3.5,1.0,setosa,721,red,8/26/2021,11.48,-21.7
4.6,2.3,3.7,1.2,virginica,722,red,1/24/2022,23.79,17.2
5.6,3.2,5.6,0.5,versicolor,723,blue,8/19/2020,9.4,22.1
4.5,4.2,2.2,2.2,versicolor,724,red,2/8/2021,21.1,8.7
5.6,3.0,1.0,0.9,virginica,725,blue,7/13/2020,11.66,-21.2
5.1,3.3,2.3,0.6,virginica,726,blue,1/30/2021,3.22,8.7
5.3,2.7,2.5,0.5,versicolor,727,green,8/7/2021,7.85,15.1
5.2,3.3,5.2,0.4,setosa,728,red,1/23/2022,2.79,-46.6
5.7,2.0,2.9,0.3,versicolor,729,green,12/16/2022,2.0,-38.8
5.8,3.8,1.9,0.3,setosa,730,blue,2/11/2022,21.73,25.0
7.8,3.8,5.3,0.2,versicolor,731,blue,3/3/2022,19.81,43.1
7.6,4.4,4.4,0.7,setosa,732,green,12/22/2021,12.87,-30.2
7.0,2.4,2.9,2.0,virginica,733,red,9/19/2021,10.86,37.3
7.2,3.6,3.8,1.0,versicolor,734,blue,8/7/2021,17.17,-37.8
5.3,3.8,4.9,1.5,versicolor,735,red,11/14/2021,8.94,24.6
5.4,3.9,2.5,1.6,setosa,736,green,6/22/2022,4.38,-46.2
5.8,3.3,1.1,1.6,setosa,737,red,9/24/2021,8.37,-5.7
6.2,4.0,4.8,1.1,setosa,738,blue,11/12/2020,18.46,-24.4
6.2,3.3,2.2,0.9,virginica,739,blue,1/20/2020,8.93,-48.8
5.9,3.6,4.3,1.6,setosa,740,red,12/2/2021,11.74,-39.1
4.7,3.7,1.5,0.9,setosa,741,blue,11/22/2022,6.92,4.3
6.8,3.4,2.1,1.2,virginica,742,green,11/4/2020,7.27,-38.6
4.3,4.1,5.4,0.1,setosa,743,green,10/24/2020,9.75,35.9
4.4,4.2,2.5,0.9,virginica,744,green,10/31/2022,9.83,24.5
5.4,3.5,4.8,0.2,versicolor,745,red,7/17/2022,8.76,-36.9
4.6,2.2,3.7,2.4,versicolor,746,red,11/15/2022,3.46,30.0
7.1,2.2,2.4,1.3,setosa,747,blue,1/1/2020,0.81,-35.0
6.6,2.6,5.4,1.1,setosa,748,blue,8/9/2020,8.01,-29.7
6.2,2.4,2.3,2.0,virginica,749,red,3/5/2022,21.66,-0.5
5.4,3.6,6.6,1.8,setosa,750,red,10/11/2022,19.38,-35.1
7.6,3.2,1.3,2.3,virginica,751,green,3/11/2021,9.54,4.7
7.5,3.4,1.1,2.1,versicolor,752,blue,2/4/2020,8.99,-23.1
5.4,3.1,6.6,0.6,versicolor,753,red,4/6/2021,1.81,29.7
6.1,3.7,4.5,0.1,setosa,754,red,5/9/2022,10.4,12.7
4.8,2.3,2.0,1.1,setosa,755,blue,6/14/2022,16.49,22.9
7.6,3.9,3.4,0.4,setosa,756,blue,4/24/2022,8.64,-14.0
6.1,3.9,6.1,0.4,virginica,757,green,8/5/2021,21.27,-41.3
7.0,4.3,6.5,0.2,setosa,758,red,4/4/2022,8.17,-0.2
6.2,3.5,1.4,2.4,setosa,759,blue,2/5/2022,4.23,8.0
7.3,2.0,6.0,0.5,setosa,760,red,8/6/2021,20.9,-30.1
5.0,3.4,3.4,2.1,virginica,761,green,10/29/2021,0.71,-33.0
6.5,2.9,3.1,0.1,versicolor,762,blue,8/17/2021,9.51,17.5
4.8,2.1,2.8,1.5,virginica,763,blue,7/16/2021,17.31,28.6
5.2,2.3,4.9,1.4,virginica,764,blue,12/8/2022,2.39,-43.1
5.5,4.2,2.3,1.5,virginica,765,red,12/14/2021,23.02,-3.8
5.7,4.1,5.5,1.1,virginica,766,blue,8/26/2022,4.84,-11.7
6.0,2.4,5.6,1.4,setosa,767,blue,7/6/2020,20.64,-36.6
5.7,2.9,1.0,0.5,setosa,768,green,12/2/2022,23.11,8.8
6.3,2.3,2.7,0.7,setosa,769,blue,3/26/2021,7.98,29.2
6.5,3.6,2.6,0.4,versicolor,770,blue,9/21/2021,13.78,35.5
7.0,2.6,4.4,2.0,virginica,771,red,4/1/2022,9.76,1.9
6.6,3.2,3.1,1.7,setosa,772,red,1/25/2020,13.42,-5.8
6.4,3.0,3.2,0.2,versicolor,773,green,10/17/2022,6.12,3.2
5.6,2.7,1.1,1.5,setosa,774,blue,9/6/2020,16.85,25.5
6.8,3.7,4.3,1.9,virginica,775,red,4/28/2022,22.32,-43.6
5.1,2.4,5.6,0.2,versicolor,776,green,10/17/2022,2.33,41.4
4.5,2.9,6.7,1.8,versicolor,777,red,12/13/2020,10.12,11.7
6.2,3.8,5.4,1.1,virginica,778,red,9/2/2020,7.6,-34.7
7.4,3.7,4.0,1.1,virginica,779,green,12/24/2021,5.21,-41.2
6.0,4.2,3.9,1.8,virginica,780,blue,2/21/2022,7.89,38.1
5.9,3.3,2.2,1.5,setosa,781,red,5/31/2020,13.15,10.2
5.6,2.8,1.4,2.4,virginica,782,red,12/4/2022,23.71,-33.3
4.9,3.5,3.1,0.2,versicolor,783,blue,5/19/2021,4.21,-35.2
5.6,3.8,5.2,0.9,versicolor,784,blue,10/19/2022,12.77,13.5
6.2,3.4,3.1,0.9,versicolor,785,red,12/17/2021,23.87,24.8
7.9,2.4,6.4,1.1,setosa,786,red,6/25/2020,11.5,-17.4
6.1,2.7,3.7,1.2,versicolor,787,red,1/29/2020,9.43,10.6
6.6,2.6,4.7,1.8,setosa,788,red,5/26/2021,3.49,-8.1
7.4,2.1,5.6,0.3,virginica,789,blue,1/28/2022,4.52,-3.8
6.1,3.5,3.5,0.4,versicolor,790,blue,10/19/2021,4.14,3.2
5.5,2.7,3.8,0.2,virginica,791,red,7/26/2022,0.18,-24.5
4.4,3.9,5.9,1.6,virginica,792,red,6/20/2022,23.36,11.1
5.3,4.0,3.0,1.7,virginica,793,blue,3/4/2020,21.36,-18.2
6.7,3.3,2.7,1.7,virginica,794,red,3/12/2022,11.74,2.6
4.8,2.6,3.5,0.7,setosa,795,blue,10/4/2021,19.23,-37.2
7.9,2.3,6.1,1.0,versicolor,796,blue,10/16/2021,9.42,-12.4
7.8,4.4,1.7,1.1,versicolor,797,blue,4/23/2022,8.43,29.4
6.4,2.5,6.9,1.1,setosa,798,red,10/12/2021,8.33,48.2
6.9,3.2,2.8,1.9,virginica,799,blue,1/13/2021,11.63,38.9
7.6,3.4,2.6,1.3,versicolor,800,red,3/24/2020,20.47,31.0
5.2,2.3,4.4,1.7,virginica,801,green,12/18/2021,10.45,-41.0
7.1,2.1,6.2,0.3,setosa,802,red,6/14/2021,11.31,7.2
5.7,4.2,2.7,2.5,virginica,803,blue,3/1/2022,23.78,15.7
5.5,2.1,3.7,1.2,setosa,804,blue,6/24/2021,6.56,41.3
4.8,2.7,2.3,2.0,versicolor,805,green,7/6/2020,1.15,-4.6
6.1,4.1,2.5,0.4,setosa,806,red,2/24/2021,9.58,16.7
6.9,4.2,4.2,0.6,versicolor,807,green,6/23/2021,21.36,-37.6
7.1,3.2,6.5,0.6,versicolor,808,red,1/28/2021,8.3,40.1
7.8,2.6,1.0,1.7,virginica,809,blue,9/11/2021,13.09,-21.8
7.4,4.0,2.8,1.7,versicolor,810,green,10/14/2020,4.43,-23.1
4.8,2.8,5.1,1.8,versicolor,811,blue,9/20/2020,19.14,-17.1
7.0,4.2,6.0,0.7,versicolor,812,red,1/17/2022,16.53,11.6
6.2,4.1,5.6,1.9,setosa,813,red,1/13/2022,13.76,-16.4
6.3,2.4,3.5,0.7,versicolor,814,blue,6/8/2022,0.23,-29.9
7.2,3.8,2.4,0.7,virginica,815,green,10/27/2021,15.62,-48.6
5.6,3.9,6.3,1.1,virginica,816,green,8/25/2022,3.33,8.9
6.8,2.0,3.0,2.1,virginica,817,red,1/26/2020,19.45,1.0
5.9,3.9,5.4,1.3,setosa,818,blue,11/16/2020,7.91,-6.6
7.7,2.7,3.0,2.4,setosa,819,green,11/5/2020,18.09,-45.0
4.6,2.6,4.1,2.1,versicolor,820,blue,6/16/2020,14.43,-32.2
6.6,2.4,2.6,1.4,virginica,821,blue,4/27/2021,17.8,-40.2
7.1,3.4,2.6,2.1,versicolor,822,blue,11/27/2021,16.97,34.8
6.3,3.1,2.9,2.3,setosa,823,blue,6/12/2021,19.05,10.8
6.8,3.8,2.3,0.6,virginica,824,blue,3/6/2020,8.82,31.5
4.6,4.4,5.1,1.6,virginica,825,red,11/7/2020,0.59,26.5
6.0,2.6,1.7,1.9,versicolor,826,blue,3/16/2020,1.26,4.5
5.5,2.4,1.6,1.4,virginica,827,red,8/5/2022,0.14,-42.2
5.3,4.4,2.6,1.4,versicolor,828,blue,10/10/2020,7.53,31.9
7.4,4.1,4.1,1.9,setosa,829,blue,3/21/2022,4.09,35.1
5.7,2.3,4.7,0.2,setosa,830,green,11/24/2020,15.24,-24.5
6.9,3.6,2.9,2.0,setosa,831,blue,3/5/2020,3.13,32.0
7.8,3.2,5.3,0.8,setosa,832,blue,7/3/2022,4.07,16.0
7.3,2.3,5.3,0.6,virginica,833,green,4/17/2021,20.49,-38.1
6.7,3.9,5.8,1.1,virginica,834,blue,12/10/2020,7.6,-23.3
7.7,3.9,3.1,0.8,versicolor,835,red,7/29/2021,6.97,23.6
4.8,2.5,3.5,0.8,versicolor,836,red,1/18/2022,13.58,-29.4
6.7,2.0,2.4,0.1,versicolor,837,red,9/15/2021,5.15,45.0
7.6,4.0,1.7,2.4,virginica,838,blue,5/9/2022,9.47,-5.2
7.7,3.5,1.3,1.8,versicolor,839,blue,10/12/2021,21.65,-47.1
5.4,2.1,1.7,0.4,virginica,840,red,7/22/2021,7.07,-47.9
5.3,3.5,6.3,0.4,virginica,841,green,11/4/2021,17.14,22.9
4.5,4.0,6.7,2.3,versicolor,842,blue,6/20/2020,21.09,27.0
5.8,4.2,3.8,0.8,versicolor,843,blue,6/10/2020,7.4,17.9
6.1,4.0,3.6,1.7,versicolor,844,blue,6/2/2022,16.68,31.8
4.6,2.7,2.5,1.6,versicolor,845,blue,6/18/2021,10.83,0.5
5.8,4.2,4.7,1.7,virginica,846,red,8/12/2022,10.3,-30.2
7.2,2.5,3.3,1.8,virginica,847,blue,11/20/2021,15.73,24.7
7.2,2.9,4.2,0.3,setosa,848,red,7/24/2022,6.19,-29.8
7.7,3.2,5.6,2.0,virginica,849,green,2/16/2020,6.5,19.3
4.9,3.7,2.8,0.8,setosa,850,green,10/28/2021,5.25,-6.3
7.9,3.3,4.0,0.6,virginica,851,green,7/30/2021,18.43,22.1
7.7,3.3,4.7,0.5,virginica,852,green,2/28/2021,10.25,26.7
5.7,2.6,2.7,1.8,virginica,853,green,1/31/2020,20.52,20.8
7.9,3.6,2.2,2.3,virginica,854,green,8/31/2022,7.5,-3.3
7.1,2.4,6.0,1.5,setosa,855,red,9/19/2020,19.45,23.6
7.6,3.2,2.1,0.1,virginica,856,green,2/19/2021,2.91,45.6
5.1,2.4,2.6,1.2,virginica,857,red,6/11/2021,15.72,-43.8
7.4,3.2,2.6,1.3,versicolor,858,blue,5/15/2022,16.29,-21.6
5.8,2.0,3.5,0.6,setosa,859,green,3/17/2020,12.16,12.5
7.8,4.2,3.0,0.9,setosa,860,green,12/9/2022,4.32,-37.4
5.0,4.0,1.1,2.5,virginica,861,red,10/9/2020,19.46,4.0
5.2,2.8,1.8,1.3,versicolor,862,blue,12/2/2020,1.42,-2.9
7.5,2.7,6.3,2.4,setosa,863,blue,9/19/2020,5.09,-24.9
7.2,2.6,3.7,2.2,virginica,864,green,1/24/2022,12.25,-29.8
7.5,4.3,6.3,1.0,setosa,865,blue,3/22/2021,16.88,-4.1
7.4,3.4,2.7,0.3,virginica,866,blue,6/30/2021,21.97,16.6
5.0,3.1,6.8,2.5,virginica,867,red,8/30/2021,7.98,-20.8
5.0,2.5,5.8,0.5,versicolor,868,blue,7/4/2020,8.7,39.0
5.6,3.1,5.0,0.9,virginica,869,red,5/17/2022,4.91,-24.9
6.6,2.2,1.7,1.3,versicolor,870,red,5/26/2022,12.33,9.0
7.7,3.9,6.0,1.2,versicolor,871,red,12/4/2020,17.08,20.2
7.4,3.1,3.3,2.2,versicolor,872,green,8/27/2021,0.77,44.9
7.4,2.4,3.0,2.2,virginica,873,green,12/21/2022,1.03,-41.9
4.8,2.7,4.7,0.9,virginica,874,green,8/14/2021,21.56,-18.9
7.3,2.0,4.6,1.2,virginica,875,red,5/26/2021,16.63,1.4
5.1,3.5,5.4,2.3,setosa,876,red,1/19/2020,10.64,14.2
4.7,2.3,3.8,1.8,setosa,877,blue,6/19/2022,13.98,-24.2
4.6,4.3,3.7,0.9,versicolor,878,red,9/9/2022,9.68,-25.9
6.6,4.1,6.7,1.5,versicolor,879,red,3/29/2022,14.64,-25.4
6.8,4.3,6.6,0.4,virginica,880,green,4/22/2021,19.64,11.7
5.3,2.8,5.2,1.6,virginica,881,green,4/23/2021,23.83,-7.4
7.3,2.1,4.0,0.8,setosa,882,green,10/7/2022,10.37,37.5
5.4,3.5,2.8,1.9,versicolor,883,green,6/7/2022,6.24,-40.2
4.6,4.4,3.8,0.7,versicolor,884,blue,1/28/2020,11.42,46.3
7.0,3.4,5.7,1.5,versicolor,885,green,8/15/2021,19.57,18.0
6.1,4.3,6.5,0.3,versicolor,886,blue,7/3/2021,2.02,49.7
5.8,2.3,2.1,0.6,versicolor,887,green,1/27/2021,6.11,20.6
5.0,3.5,6.0,1.9,virginica,888,green,10/7/2020,14.12,39.1
5.9,3.0,6.0,1.3,setosa,889,green,9/5/2021,4.58,-22.2
5.5,2.5,3.2,2.0,virginica,890,red,1/7/2022,5.21,35.9
6.9,4.3,4.1,2.2,versicolor,891,blue,5/1/2022,2.45,35.7
6.4,3.9,4.6,2.1,virginica,892,red,12/1/2022,13.02,-47.4
5.3,2.9,5.9,1.2,setosa,893,green,12/25/2022,0.77,32.1
7.4,3.0,4.2,1.3,setosa,894,blue,6/14/2021,0.18,49.7
7.0,2.1,6.1,1.6,virginica,895,green,9/8/2022,11.43,49.6
7.0,2.9,1.4,0.5,virginica,896,red,4/3/2022,23.13,20.9
7.5,3.3,5.6,0.4,setosa,897,blue,6/23/2020,5.32,-46.1
7.8,2.9,6.6,2.2,versicolor,898,red,10/11/2020,18.52,1.2
7.2,3.2,2.2,0.8,virginica,899,red,2/17/2020,1.69,40.9
5.3,4.2,3.7,0.3,virginica,900,blue,5/7/2020,5.94,-42.7
6.8,2.6,6.1,0.9,versicolor,901,red,4/18/2021,0.78,-19.5
7.5,2.2,4.0,1.4,setosa,902,green,8/3/2022,14.25,-47.8
6.0,2.2,3.6,1.8,virginica,903,green,10/30/2022,2.33,44.0
5.9,4.1,3.7,2.1,setosa,904,red,9/3/2020,13.51,-46.7
5.2,3.3,1.6,0.9,virginica,905,green,10/29/2021,16.85,-9.0
5.0,3.6,1.1,1.2,virginica,906,green,2/7/2022,12.61,2.7
5.4,2.9,3.4,2.3,setosa,907,blue,3/29/2022,6.52,36.2
6.6,3.1,3.6,0.8,virginica,908,green,2/1/2021,3.47,12.4
4.7,3.5,4.9,1.8,versicolor,909,red,7/4/2020,5.03,44.1
4.4,4.1,1.9,1.8,virginica,910,blue,2/2/2021,16.04,-23.1
4.4,2.8,4.4,0.7,virginica,911,red,6/12/2021,4.99,20.1
7.3,3.1,6.5,1.3,setosa,912,green,6/24/2020,1.19,32.5
4.7,2.7,6.6,0.2,versicolor,913,green,7/21/2020,3.38,20.5
5.9,2.4,3.0,0.6,setosa,914,red,5/30/2022,11.49,35.4
6.6,4.3,1.5,1.0,setosa,915,red,6/5/2020,18.81,2.5
4.6,3.6,2.5,0.3,versicolor,916,blue,1/4/2020,18.19,9.5
7.4,3.1,6.7,1.0,versicolor,917,green,9/30/2021,0.33,11.4
4.7,3.2,4.6,0.6,virginica,918,red,7/15/2020,11.15,30.1
7.3,2.2,3.8,1.7,setosa,919,blue,2/8/2022,23.36,38.8
5.0,4.0,3.5,0.7,versicolor,920,red,12/23/2022,23.95,46.2
5.3,2.6,3.2,0.7,virginica,921,green,7/18/2022,7.0,26.3
5.7,2.3,5.5,0.2,setosa,922,red,5/19/2020,3.55,-9.1
6.2,3.9,3.1,0.6,versicolor,923,green,2/6/2020,4.19,-9.1
5.0,3.3,4.0,0.7,virginica,924,blue,11/8/2021,6.14,46.4
5.4,2.9,2.5,0.5,setosa,925,green,6/3/2021,3.2,-15.6
5.5,3.0,3.8,2.1,setosa,926,blue,5/11/2020,5.46,36.7
5.3,2.4,4.2,1.0,versicolor,927,blue,2/17/2022,10.62,40.7
5.8,2.3,1.7,1.8,setosa,928,blue,11/9/2021,0.21,-25.7
6.7,4.0,3.8,1.9,versicolor,929,blue,8/20/2022,15.52,-32.1
7.8,2.3,2.0,2.3,setosa,930,green,6/12/2020,21.32,0.8
6.3,3.3,1.1,1.9,versicolor,931,green,8/20/2021,8.16,-33.6
4.9,4.3,4.2,2.1,versicolor,932,green,6/16/2021,21.13,31.0
5.4,2.8,5.4,2.5,setosa,933,red,11/1/2021,21.57,23.0
4.4,2.3,2.4,2.2,versicolor,934,blue,11/10/2020,12.4,33.0
7.1,3.5,6.7,2.1,virginica,935,green,4/9/2020,10.47,-21.2
5.2,4.3,6.6,2.2,versicolor,936,green,11/13/2022,15.6,49.5
6.2,3.7,2.8,0.2,virginica,937,green,10/5/2022,10.18,31.4
5.9,3.8,3.0,1.9,versicolor,938,blue,2/7/2021,0.54,19.9
4.4,2.3,5.8,2.5,versicolor,939,red,2/25/2020,8.92,-31.0
7.6,2.0,2.6,1.2,virginica,940,blue,4/26/2022,2.35,25.1
6.3,4.2,2.3,2.1,virginica,941,red,6/1/2021,17.43,-0.4
5.2,3.3,3.9,0.2,virginica,942,red,5/29/2020,7.01,-38.9
6.4,2.9,6.9,1.6,virginica,943,red,10/26/2022,3.27,19.8
4.4,2.5,5.6,1.5,versicolor,944,blue,8/3/2020,17.88,28.8
7.9,2.6,2.5,1.2,versicolor,945,red,3/19/2020,19.55,-21.2
5.7,4.1,2.4,2.0,virginica,946,blue,3/12/2021,12.32,11.0
5.9,2.2,6.0,2.3,setosa,947,green,5/11/2022,14.52,-11.5
6.4,3.8,1.5,2.1,virginica,948,green,5/15/2022,5.77,-18.2
7.2,4.3,2.6,1.9,versicolor,949,blue,9/20/2021,12.77,-13.8
5.9,4.3,1.6,1.8,setosa,950,red,5/18/2021,20.14,13.1
6.7,3.9,4.3,1.7,setosa,951,green,1/16/2022,18.86,-35.1
5.5,3.2,2.9,1.4,virginica,952,blue,10/28/2020,6.01,-44.9
4.4,3.3,3.7,0.2,versicolor,953,blue,9/28/2022,16.39,0.3
7.8,3.7,3.2,1.0,versicolor,954,blue,10/14/2022,8.0,-1.2
5.7,2.2,4.4,0.8,setosa,955,green,5/6/2021,1.34,30.4
5.7,3.5,4.1,1.2,setosa,956,green,7/28/2020,8.02,-29.4
7.7,3.7,5.3,1.3,versicolor,957,blue,12/5/2020,10.49,-5.9
5.6,3.6,6.0,0.1,versicolor,958,red,3/31/2021,16.09,6.3
4.6,4.0,4.0,1.2,setosa,959,blue,4/7/2022,9.67,5.0
7.3,3.6,2.0,1.3,virginica,960,red,4/7/2022,8.87,-27.4
4.7,4.1,5.5,0.6,virginica,961,blue,12/28/2021,13.35,14.6
7.3,3.5,5.6,1.9,setosa,962,red,10/23/2022,19.18,1.2
7.1,3.0,1.8,0.5,virginica,963,green,12/13/2020,16.13,-8.3
7.6,3.2,1.8,0.4,versicolor,964,green,5/29/2020,2.68,40.2
7.6,3.6,4.6,1.9,virginica,965,green,5/3/2020,10.29,-48.9
4.8,4.2,5.4,1.4,setosa,966,red,1/3/2020,18.79,7.4
6.5,3.7,4.4,1.0,setosa,967,blue,8/15/2022,16.9,-18.5
4.7,2.0,4.3,0.3,setosa,968,blue,6/23/2021,4.81,-30.5
5.7,3.6,6.4,0.8,virginica,969,green,11/10/2020,18.25,20.2
4.7,2.9,1.3,1.6,versicolor,970,green,4/26/2020,1.65,42.8
5.6,2.5,1.9,1.3,setosa,971,red,10/30/2021,3.95,23.8
6.1,3.1,1.6,2.1,versicolor,972,red,3/12/2021,3.62,-8.4
6.1,3.3,4.1,1.3,versicolor,973,blue,4/25/2021,0.82,22.2
5.6,2.5,3.1,0.8,setosa,974,blue,7/12/2021,20.31,34.3
7.7,2.0,6.7,0.6,versicolor,975,green,11/26/2022,7.79,47.4
5.7,3.9,5.7,0.7,virginica,976,green,1/6/2021,1.87,-11.4
7.4,2.6,1.4,1.8,versicolor,977,blue,8/2/2020,14.56,47.6
5.9,4.2,5.4,0.2,setosa,978,blue,6/9/2022,18.92,8.3
4.8,2.7,1.2,0.8,virginica,979,green,2/3/2021,1.68,-19.0
4.8,2.4,5.6,0.3,virginica,980,green,11/1/2021,14.07,22.1
5.3,2.0,1.9,1.4,virginica,981,red,11/24/2022,19.61,20.1
6.4,2.9,6.0,2.0,versicolor,982,blue,3/21/2021,6.41,-2.0
7.2,3.3,3.3,0.1,versicolor,983,blue,3/31/2022,2.55,43.6
5.7,4.2,3.5,0.9,virginica,984,blue,5/3/2021,13.12,-19.0
7.3,2.1,6.1,1.7,setosa,985,green,3/13/2021,2.0,22.0
7.6,2.8,5.6,0.3,virginica,986,blue,10/14/2022,9.83,-9.7
7.8,3.4,3.1,0.5,setosa,987,green,3/27/2020,8.17,11.8
7.9,3.1,5.9,1.6,versicolor,988,red,5/3/2021,5.85,-7.9
6.1,4.2,3.7,1.7,versicolor,989,red,9/24/2020,8.84,12.8
6.8,2.0,5.4,1.8,setosa,990,blue,10/14/2022,20.43,-19.1
5.1,3.9,6.4,1.2,setosa,991,green,7/9/2022,4.85,33.8
6.6,4.3,3.3,1.8,virginica,992,green,9/21/2020,21.94,37.4
7.9,3.0,5.0,1.6,setosa,993,green,12/1/2022,7.27,4.0
6.0,2.2,4.0,0.8,versicolor,994,green,11/26/2020,10.92,-18.0
6.1,2.3,3.9,0.8,virginica,995,blue,11/13/2021,16.14,-48.8
5.3,4.0,6.5,2.1,virginica,996,blue,12/15/2020,10.81,-32.1
5.7,3.3,2.2,1.3,virginica,997,green,1/20/2021,18.19,45.1
7.5,3.5,2.1,2.1,versicolor,998,red,8/27/2020,19.53,-23.7
5.3,2.7,5.0,0.4,setosa,999,green,2/10/2022,14.76,20.4
5.7,3.8,1.9,1.7,versicolor,1000,green,10/23/2020,20.91,3.6
