Rank,Name,Platform,Year,Genre,Publisher,NA_Sales,EU_Sales,JP_Sales,Other_Sales,Global_Sales
1,Syrup - Monin - Passion Fruit,Nintendo Switch,2008,Action,Devshare,82.51,20.44,8.39,10.16,7.01
2,Yams,Nintendo Switch,2010,Sports,Muxo,7.43,8.4,9.66,3.07,6.33
3,"Pepsi, 355 Ml",PS4,1985,Sports,Eidel,17.5,17.96,7.15,4.74,5.63
4,Gherkin,Xbox One,2016,Action,Mynte,13.05,5.6,5.64,6.97,1.23
5,Pastry - French Mini Assorted,Nintendo Switch,2020,Shooter,Quinu,16.92,24.0,5.59,5.16,3.66
6,Pastry - Banana Muffin - Mini,Nintendo Switch,1994,Sports,Myworks,62.13,8.62,7.69,0.72,5.06
7,Nantucket Pine Orangebanana,Xbox One,2017,Action,Gabcube,39.17,9.58,6.28,9.55,8.11
8,Island Oasis - Raspberry,PS4,1999,Action,Gigashots,47.41,22.16,9.29,7.15,5.76
9,Nori Sea Weed,PS4,1988,Sports,Myworks,23.07,2.96,10.13,3.36,5.2
10,Cheese - Taleggio D.o.p.,Nintendo Switch,2005,Action,Chatterbridge,38.89,26.25,3.89,9.17,0.97
11,"Soup - Clam Chowder, Dry Mix",Nintendo Switch,2005,Action,Topiczoom,80.67,20.23,0.25,9.91,6.36
12,Soup - Campbells,PS4,2010,Shooter,Devcast,12.58,18.47,6.19,2.48,8.37
13,"Stock - Beef, Brown",Xbox One,2022,Sports,Eadel,46.26,16.75,0.51,9.12,6.96
14,Ice Cream - Chocolate,Nintendo Switch,2018,Shooter,Thoughtstorm,77.82,23.33,7.98,5.26,1.85
15,Tea - Honey Green Tea,Nintendo Switch,1989,Shooter,Photobug,29.89,19.25,1.88,8.23,7.95
16,Crab - Meat Combo,Nintendo Switch,1981,Sports,Lazz,38.16,3.08,0.93,4.07,8.27
17,Longos - Chicken Cordon Bleu,Xbox One,2013,Sports,Zoonder,32.92,25.05,3.77,5.6,4.84
18,Beef - Tender Tips,Xbox One,2012,Action,Jaxnation,40.22,7.13,3.58,2.09,2.97
19,Dip - Tapenade,Nintendo Switch,1995,Sports,Dabfeed,18.26,3.95,4.0,8.59,4.97
20,Figs,Xbox One,1990,Sports,Abata,82.34,16.92,1.5,6.47,3.95
21,Flavouring - Raspberry,Nintendo Switch,1985,Shooter,Fivechat,25.03,25.66,1.49,8.88,8.35
22,Sauce - Alfredo,Nintendo Switch,1984,Sports,Izio,1.5,27.19,3.4,1.06,6.02
23,"Pasta - Lasagna Noodle, Frozen",Nintendo Switch,1993,Sports,Vidoo,17.47,16.81,8.88,10.37,5.86
24,Soup - Base Broth Chix,PS4,2004,Shooter,Linkbuzz,20.37,14.77,0.55,9.94,2.02
25,Broccoli - Fresh,Xbox One,2004,Sports,Jaxworks,12.24,19.8,1.59,9.25,3.09
26,Venison - Ground,PS4,1990,Action,Twitterbridge,37.13,6.47,4.82,5.77,3.74
27,Mix Pina Colada,Nintendo Switch,1985,Action,Fivebridge,46.64,13.23,5.71,8.97,8.46
28,Cake - Lemon Chiffon,PS4,1991,Action,Mydo,43.12,0.66,4.21,5.13,8.07
29,"Roe - Lump Fish, Black",PS4,1995,Shooter,Livetube,69.51,16.64,7.66,2.89,5.99
30,Chicken - Livers,Nintendo Switch,2013,Sports,Kazu,50.98,8.87,4.61,0.94,4.95
31,"Bread - Pullman, Sliced",Xbox One,2007,Action,Kayveo,53.33,2.92,7.04,6.05,2.97
32,Peas Snow,Xbox One,2006,Sports,Teklist,54.76,12.62,7.8,3.86,7.66
33,"Noodles - Cellophane, Thin",Xbox One,2022,Action,Brightbean,30.12,9.16,8.37,2.37,9.67
34,"Pork - Tenderloin, Frozen",Nintendo Switch,2008,Shooter,Yakijo,66.89,6.48,2.35,5.34,1.19
35,Spice - Pepper Portions,Xbox One,1985,Sports,Aimbu,76.97,9.13,7.14,1.46,2.14
36,Noodles - Steamed Chow Mein,Nintendo Switch,2016,Action,Fiveclub,79.65,28.73,9.15,6.34,0.38
37,Fork - Plastic,Xbox One,2002,Sports,Buzzshare,38.42,27.64,4.44,0.1,7.26
38,"Trout - Hot Smkd, Dbl Fillet",PS4,2022,Action,Gabtune,4.47,24.37,4.2,1.89,5.05
39,"Asparagus - Green, Fresh",PS4,1986,Shooter,Youbridge,82.4,18.65,8.74,4.84,3.45
40,Crab - Meat Combo,Xbox One,1986,Shooter,Browsedrive,60.22,23.18,8.26,2.21,3.0
41,Beer - Corona,Nintendo Switch,2000,Shooter,Trudeo,73.46,16.31,7.68,5.19,8.76
42,Muskox - French Rack,Nintendo Switch,1983,Sports,Skipfire,71.83,20.03,8.97,4.66,7.88
43,Shrimp - 31/40,Xbox One,2010,Action,Meemm,62.27,10.05,8.27,5.03,2.18
44,Spring Roll Veg Mini,Xbox One,2002,Sports,Babbleopia,20.01,2.11,9.16,0.69,8.86
45,Flavouring - Orange,PS4,1999,Sports,Geba,52.34,17.95,5.28,5.62,1.32
46,Juice - Mango,Nintendo Switch,1987,Shooter,Eidel,53.54,13.23,1.27,0.8,5.81
47,Potatoes - Parissienne,Xbox One,1996,Action,Aimbu,20.87,2.0,7.91,1.89,10.4
48,Milk - Homo,Nintendo Switch,2004,Action,Vidoo,4.62,21.92,5.08,5.93,6.72
49,Table Cloth 120 Round White,PS4,2000,Shooter,Wordpedia,19.61,22.43,2.05,5.14,3.52
50,"Ice - Clear, 300 Lb For Carving",Nintendo Switch,1987,Action,Skynoodle,18.69,23.51,3.2,0.72,8.5
51,Yeast Dry - Fermipan,Xbox One,2022,Shooter,Riffpath,52.32,10.66,8.6,3.54,4.34
52,"Bread - Bagels, Plain",Nintendo Switch,1991,Action,Linklinks,31.71,20.16,2.63,3.1,4.34
53,Sole - Iqf,Nintendo Switch,1984,Sports,Katz,43.95,8.16,8.96,3.31,5.64
54,"Flour - Corn, Fine",Xbox One,1987,Sports,Bluejam,69.96,14.99,3.04,9.93,8.76
55,Pepper - Red Chili,Xbox One,2005,Shooter,Katz,11.69,25.54,0.56,0.63,6.94
56,Appetizer - Asian Shrimp Roll,Nintendo Switch,1994,Shooter,Agimba,73.17,15.43,8.18,6.25,6.44
57,Juice - Orange 1.89l,PS4,1995,Action,Yozio,71.3,25.89,9.44,7.94,3.02
58,Sauce - Caesar Dressing,Xbox One,1989,Sports,Realblab,45.46,9.54,8.14,4.79,2.54
59,Bagelers,Nintendo Switch,1997,Shooter,Skinder,57.56,17.15,4.37,10.25,7.72
60,"Pork - Back, Long Cut, Boneless",Xbox One,1999,Sports,Kwilith,27.35,14.97,1.66,10.1,4.12
61,Vector Energy Bar,PS4,1989,Action,Blognation,58.65,18.32,7.46,2.74,9.99
62,Bread Ww Cluster,Nintendo Switch,1998,Action,Feedfire,13.75,6.17,4.98,2.16,7.15
63,Whmis Spray Bottle Graduated,PS4,1988,Shooter,Twiyo,15.52,23.39,5.16,7.23,8.08
64,Wine - Alsace Gewurztraminer,Xbox One,1992,Sports,Kimia,42.47,3.88,3.49,1.18,2.34
65,Bar Mix - Lime,PS4,1993,Sports,Riffwire,30.33,10.73,0.76,7.3,1.75
66,Island Oasis - Mango Daiquiri,PS4,1988,Action,Latz,56.14,22.53,6.13,5.72,6.91
67,"Beets - Candy Cane, Organic",PS4,2021,Shooter,Kayveo,5.04,26.85,8.53,3.5,7.49
68,Bread - Raisin Walnut Oval,Xbox One,1997,Sports,Buzzbean,10.68,17.94,0.58,5.8,6.19
69,Creamers - 10%,Xbox One,2013,Action,Youfeed,48.27,4.47,8.08,8.87,6.73
70,Chinese Foods - Thick Noodles,Nintendo Switch,2004,Shooter,Realcube,33.11,7.53,10.04,2.75,6.7
71,Russian Prince,Xbox One,1999,Sports,Photolist,82.18,22.21,10.07,8.78,4.42
72,Ice Cream - Super Sandwich,PS4,2018,Sports,Skaboo,18.18,21.35,8.41,8.52,2.73
73,Wine - Fino Tio Pepe Gonzalez,PS4,2003,Action,Kare,8.87,26.52,6.03,3.71,5.28
74,Eggplant - Baby,Xbox One,1986,Action,Twinder,79.2,6.62,3.46,6.12,2.43
75,"Wine - Red, Concha Y Toro",PS4,2019,Sports,Skimia,25.6,1.88,8.04,9.49,7.26
76,Skirt - 29 Foot,Xbox One,2008,Shooter,Vitz,80.17,23.07,5.61,0.83,1.0
77,Muffin Mix - Banana Nut,Nintendo Switch,2009,Sports,Katz,13.8,6.89,3.97,4.99,3.45
78,Turnip - Mini,Xbox One,1998,Shooter,Skiba,55.7,9.49,8.84,5.52,7.79
79,Ham - Cooked Bayonne Tinned,Xbox One,2008,Sports,Photojam,23.64,10.69,1.71,1.51,10.5
80,Swordfish Loin Portions,Nintendo Switch,2002,Action,Yodoo,3.76,6.41,9.75,9.93,0.76
81,"Carrots - Purple, Organic",Nintendo Switch,2012,Action,Ainyx,67.48,8.23,3.96,3.46,1.11
82,Sprouts - Pea,Nintendo Switch,1998,Shooter,Thoughtstorm,62.19,11.76,5.51,6.44,7.02
83,Nantucket - 518ml,Nintendo Switch,2004,Sports,Realcube,4.5,12.12,0.05,2.13,10.15
84,Ecolab - Hand Soap Form Antibac,PS4,2003,Sports,Zoomlounge,37.66,8.97,5.14,4.81,4.3
85,Cape Capensis - Fillet,Xbox One,1998,Action,Babbleset,17.08,14.65,7.41,5.75,1.82
86,Pie Box - Cello Window 2.5,PS4,2022,Sports,Topiclounge,62.06,27.83,4.82,9.32,8.61
87,White Baguette,Nintendo Switch,2020,Sports,Thoughtsphere,5.94,6.66,6.93,5.02,10.1
88,Muffin - Banana Nut Individual,Nintendo Switch,1994,Sports,Eabox,26.74,22.76,0.49,7.98,0.63
89,Tea - Herbal Orange Spice,Nintendo Switch,2021,Sports,Devbug,73.73,28.32,0.33,8.45,2.97
90,Pie Pecan,PS4,2017,Action,Photofeed,42.49,23.42,9.08,4.23,3.86
91,"Pasta - Lasagna Noodle, Frozen",Xbox One,1980,Shooter,Aivee,8.44,18.5,1.46,8.71,9.18
92,Cookie Chocolate Chip With,Xbox One,1996,Shooter,Fivechat,10.48,4.02,9.62,0.68,3.72
93,Sambuca - Opal Nera,Nintendo Switch,1993,Sports,Twitterbridge,68.27,3.62,2.08,2.04,9.1
94,Tilapia - Fillets,Nintendo Switch,1984,Shooter,Jabbersphere,35.1,16.37,3.68,5.93,3.59
95,Sterno - Chafing Dish Fuel,Xbox One,2017,Shooter,Skyble,11.35,16.53,0.22,8.54,8.88
96,Drambuie,PS4,2014,Shooter,Agivu,24.78,20.14,1.45,3.15,9.53
97,Maintenance Removal Charge,Xbox One,1992,Sports,Twitterbridge,65.23,14.08,5.18,2.81,1.33
98,Sausage - Chorizo,Nintendo Switch,1988,Shooter,Photolist,71.08,25.69,8.58,5.29,7.27
99,Coffee - Dark Roast,Nintendo Switch,2009,Sports,Jabberstorm,53.41,16.37,0.33,3.31,1.54
100,Ecolab - Ster Bac,Nintendo Switch,1982,Shooter,Meedoo,75.55,23.49,0.78,3.54,2.02
101,Miso Paste White,PS4,2004,Action,Meeveo,43.55,1.65,9.96,0.11,10.12
102,Cheese - Sheep Milk,PS4,1987,Sports,Gigashots,7.65,8.71,6.26,7.29,2.88
103,"Pasta - Shells, Medium, Dry",Xbox One,2018,Sports,Thoughtbridge,32.37,8.85,0.95,7.52,8.36
104,"Lamb - Leg, Bone In",Nintendo Switch,1981,Sports,Jaxworks,65.26,24.26,6.38,8.83,6.15
105,Red Currants,Nintendo Switch,1987,Action,Blogpad,33.28,20.22,6.36,4.2,9.23
106,Pastry - Apple Muffins - Mini,PS4,1987,Shooter,JumpXS,13.04,22.75,5.11,1.19,1.86
107,Pecan Raisin - Tarts,PS4,1993,Sports,Yakijo,70.42,5.11,4.43,1.25,1.43
108,"Nut - Pistachio, Shelled",Nintendo Switch,2002,Shooter,Edgepulse,69.22,27.76,0.49,6.81,2.67
109,Lettuce - California Mix,PS4,2006,Action,Youbridge,21.35,22.84,9.46,7.73,6.24
110,Wakami Seaweed,Xbox One,2011,Action,DabZ,57.74,10.5,1.09,6.58,5.44
111,Beef - Short Ribs,Nintendo Switch,2015,Action,Ntag,20.21,6.5,3.15,4.67,4.7
112,Sorrel - Fresh,Nintendo Switch,2000,Shooter,Zoonoodle,66.12,6.87,6.31,0.56,7.66
113,Tomatoes - Grape,PS4,1998,Sports,Twitterworks,7.68,24.02,8.5,9.51,6.66
114,Sultanas,Xbox One,1997,Sports,Demizz,80.25,11.61,6.81,9.09,2.61
115,Melon - Watermelon Yellow,Nintendo Switch,1998,Action,Rhyzio,49.59,3.01,2.65,4.23,8.19
116,"Tomatoes - Cherry, Yellow",PS4,1990,Action,Izio,1.7,7.91,6.01,2.83,2.73
117,Longos - Chicken Cordon Bleu,Nintendo Switch,2009,Shooter,Vipe,27.84,27.61,2.28,2.81,5.68
118,"Rum - Cream, Amarula",Nintendo Switch,1980,Shooter,Youspan,55.38,14.52,6.76,4.43,6.03
119,Bacardi Mojito,Xbox One,2017,Action,Trilith,1.67,25.25,0.35,2.6,7.92
120,Broom - Angled,Xbox One,1986,Sports,Twitterbridge,63.32,2.48,7.98,8.87,2.47
121,"Yogurt - Banana, 175 Gr",PS4,1997,Action,Skajo,35.15,1.44,8.26,3.74,4.14
122,Beef Striploin Aaa,Xbox One,1989,Sports,Tambee,27.84,3.6,0.12,5.16,0.18
123,Sword Pick Asst,Xbox One,1992,Shooter,Photobean,43.02,9.24,3.27,4.3,7.82
124,Dried Cranberries,Nintendo Switch,1998,Shooter,Topicshots,9.05,23.1,5.84,6.37,6.21
125,Bread Bowl Plain,Nintendo Switch,2013,Action,Quaxo,45.37,0.75,8.98,1.72,5.37
126,"Soup - Knorr, French Onion",Xbox One,1990,Shooter,Thoughtstorm,43.76,24.38,3.28,9.82,4.94
127,"Sugar - Sweet N Low, Individual",Nintendo Switch,2001,Sports,Gigashots,75.33,22.28,6.24,0.79,6.51
128,Swordfish Loin Portions,Xbox One,2009,Sports,Realblab,54.04,6.85,6.21,0.55,4.45
129,Melon - Honey Dew,Nintendo Switch,1991,Sports,Topicshots,70.8,23.81,1.23,0.73,6.94
130,Kippers - Smoked,Nintendo Switch,1986,Action,Vitz,21.38,5.57,0.47,8.75,7.13
131,"Bread - Pita, Mini",Nintendo Switch,2011,Sports,Einti,24.03,16.67,9.68,5.69,3.03
132,Chutney Sauce,PS4,1991,Sports,Midel,10.62,19.43,8.95,1.72,8.64
133,"Wine - White, Pelee Island",Nintendo Switch,1982,Sports,Zava,82.61,25.14,9.82,9.52,7.9
134,Pork - Back Ribs,Nintendo Switch,2000,Sports,Devpulse,77.44,2.4,6.31,5.99,7.65
135,Lettuce - Treviso,PS4,2022,Shooter,Roombo,17.6,18.4,2.97,1.07,9.39
136,Cheese Cheddar Processed,PS4,2002,Shooter,Twinte,25.37,11.45,3.96,7.92,2.44
137,"Shrimp - Baby, Warm Water",Xbox One,2011,Shooter,Yacero,37.71,7.44,9.57,1.0,8.07
138,Octopus,Xbox One,2021,Shooter,Shuffledrive,46.65,13.93,3.84,6.9,8.75
139,Beef - Striploin Aa,Xbox One,1985,Shooter,Eayo,45.28,6.09,2.78,9.8,2.65
140,Table Cloth - 53x69 Colour,PS4,2021,Action,Gabspot,32.88,24.26,7.61,1.11,5.46
141,"Halibut - Whole, Fresh",Xbox One,2007,Shooter,Chatterbridge,34.9,1.93,2.97,5.62,1.36
142,Longos - Penne With Pesto,PS4,2006,Action,Aibox,75.46,7.43,0.78,4.64,5.26
143,Buffalo - Short Rib Fresh,PS4,1986,Sports,Eare,78.83,27.1,2.17,0.66,0.99
144,"Pork - Bacon,back Peameal",PS4,1992,Shooter,Yadel,25.23,24.15,5.02,1.61,1.61
145,Rice - Basmati,Xbox One,1997,Shooter,Dynabox,63.51,14.24,2.71,2.4,9.79
146,"Coke - Diet, 355 Ml",PS4,2008,Shooter,Browseblab,19.34,10.22,8.71,0.23,2.38
147,"Crab - Dungeness, Whole",PS4,2013,Action,Flipstorm,3.8,26.36,8.3,6.06,3.39
148,Appetizer - Smoked Salmon / Dill,Nintendo Switch,1997,Shooter,Blognation,76.13,12.8,2.78,4.06,1.35
149,"Cup - 3.5oz, Foam",Xbox One,1994,Shooter,Eidel,69.09,10.95,9.52,8.5,10.27
150,Garam Marsala,PS4,1985,Action,Zazio,53.26,28.87,5.53,5.54,8.72
151,Rabbit - Whole,PS4,2010,Shooter,Feedbug,65.16,27.21,3.76,0.94,2.29
152,Scampi Tail,Xbox One,1993,Sports,Babblestorm,57.77,12.69,7.38,8.04,6.78
153,Juice Peach Nectar,Nintendo Switch,2006,Sports,Mydeo,63.84,25.62,9.16,8.95,8.32
154,Chevere Logs,PS4,1991,Shooter,Rhyzio,81.78,10.43,1.37,7.18,9.56
155,"Lettuce - Romaine, Heart",PS4,2003,Action,Roombo,12.57,20.81,8.75,8.5,0.73
156,Cake - Miini Cheesecake Cherry,PS4,1984,Sports,Oyondu,54.13,26.49,3.88,9.17,2.96
157,Pepper - Red Bell,Xbox One,2019,Sports,Lajo,21.4,3.2,2.79,1.45,9.46
158,Soup - Chicken And Wild Rice,Xbox One,2005,Action,Tazzy,6.51,27.17,7.15,0.71,10.44
159,"Rum - Cream, Amarula",Nintendo Switch,2017,Shooter,Feedfire,14.83,15.83,5.49,6.41,3.33
160,Orange Roughy 4/6 Oz,PS4,2019,Shooter,Mybuzz,6.63,28.22,0.81,5.98,6.62
161,"Chocolate - Milk, Callets",Xbox One,2021,Shooter,Riffpath,54.41,1.21,8.43,9.76,5.5
162,Salmon Steak - Cohoe 8 Oz,PS4,2012,Action,Kanoodle,54.8,4.63,3.11,2.98,7.81
163,Island Oasis - Sweet And Sour Mix,Xbox One,2020,Shooter,Fiveclub,54.61,13.22,1.79,1.92,0.59
164,Urban Zen Drinks,Nintendo Switch,1981,Action,Jamia,52.15,22.83,2.32,0.26,6.58
165,Pork - Bacon Cooked Slcd,Nintendo Switch,2012,Shooter,Brainsphere,27.7,20.34,4.49,10.43,9.59
166,Sauce - Roasted Red Pepper,Xbox One,1989,Shooter,Rhynyx,23.88,10.11,0.39,0.47,10.18
167,Pork - Sausage Casing,PS4,2014,Shooter,Tagcat,14.14,27.68,7.77,0.38,4.77
168,Parsnip,Nintendo Switch,2020,Shooter,Skipstorm,26.43,25.66,2.62,7.17,6.42
169,Puff Pastry - Sheets,Xbox One,2021,Sports,Yodo,50.53,26.03,5.68,0.24,9.75
170,Tofu - Firm,Nintendo Switch,2017,Sports,Katz,58.37,24.71,6.83,9.16,2.19
171,Asparagus - Frozen,Xbox One,1980,Action,Vitz,59.46,19.63,2.43,3.81,1.16
172,Turkey - Ground. Lean,Nintendo Switch,2015,Sports,Avaveo,0.71,3.59,4.92,9.13,8.32
173,"Ham - Smoked, Bone - In",Xbox One,1986,Shooter,Thoughtbridge,32.75,24.61,9.68,6.33,8.47
174,"Beef - Bones, Cut - Up",Nintendo Switch,2014,Sports,Yakitri,71.14,2.69,8.35,10.45,2.03
175,"Pail - 4l White, With Handle",Nintendo Switch,1989,Action,Gigabox,40.66,9.5,0.04,0.47,0.85
176,Cream - 10%,Xbox One,2008,Action,Edgepulse,33.47,19.56,2.48,10.43,6.05
177,Wine - Shiraz South Eastern,Xbox One,2008,Shooter,Thoughtsphere,30.85,20.72,6.37,5.11,10.39
178,Maple Syrup,Nintendo Switch,1981,Action,Quimm,48.51,26.21,8.09,6.69,9.88
179,Lettuce - Boston Bib - Organic,PS4,1994,Shooter,Tagchat,5.26,6.32,6.03,8.99,1.12
180,Beef - Montreal Smoked Brisket,PS4,2015,Sports,Quatz,25.29,6.07,6.51,5.78,10.05
181,Beer - Steamwhistle,Nintendo Switch,1983,Action,Twiyo,80.43,17.93,2.42,5.15,6.76
182,Water - Perrier,Xbox One,1987,Shooter,Gabvine,80.77,5.06,9.49,8.21,4.35
183,"Lobster - Baby, Boiled",Nintendo Switch,1992,Action,Gabspot,7.35,28.15,4.78,4.96,3.84
184,Pastry - Baked Scones - Mini,Xbox One,1997,Shooter,Kwinu,16.44,7.64,6.91,8.11,1.4
185,Bagel - 12 Grain Preslice,PS4,1989,Action,Mynte,49.01,5.94,5.85,5.41,7.22
186,Oil - Safflower,Xbox One,2003,Shooter,Yodoo,10.1,1.55,0.27,9.14,3.52
187,Ice Cream - Chocolate,PS4,1998,Action,Bluejam,74.1,16.63,0.31,2.41,8.82
188,Beef - Sushi Flat Iron Steak,Xbox One,2020,Shooter,Yozio,30.63,2.75,9.68,5.09,9.45
189,Breadfruit,Xbox One,2010,Shooter,Oyope,14.61,8.43,2.78,9.15,1.24
190,Mussels - Cultivated,Xbox One,2018,Shooter,Photolist,70.95,5.52,8.13,5.3,2.68
191,Wine - Gato Negro Cabernet,Xbox One,2022,Shooter,Yodo,37.73,13.86,7.15,7.95,3.38
192,Glaze - Apricot,PS4,2016,Sports,Vidoo,26.89,28.44,9.09,7.61,0.85
193,Beer - Blue,Nintendo Switch,2007,Sports,Realpoint,27.9,14.3,8.43,9.55,7.37
194,Haggis,Nintendo Switch,1984,Action,Zoomdog,2.31,15.55,4.37,6.0,3.97
195,Fennel - Seeds,Nintendo Switch,2017,Sports,Muxo,20.06,12.78,1.28,5.81,2.12
196,Soup - Campbellschix Stew,Xbox One,1997,Action,Photospace,58.24,3.29,3.93,9.25,7.24
197,Wine - Hardys Bankside Shiraz,Xbox One,1980,Shooter,Eadel,34.75,1.2,5.34,7.59,0.71
198,The Pop Shoppe Pinapple,Nintendo Switch,1991,Sports,Pixonyx,65.37,4.18,9.05,2.94,4.53
199,Bagel - Sesame Seed Presliced,PS4,1985,Shooter,Plambee,25.48,1.29,9.02,6.35,7.5
200,Durian Fruit,Nintendo Switch,2008,Action,Zoomdog,46.17,4.78,9.94,5.41,7.81
201,Cookies Almond Hazelnut,PS4,2010,Action,Jaxspan,73.91,7.98,5.92,0.46,8.13
202,"Tomatoes - Plum, Canned",Nintendo Switch,2006,Shooter,Brainlounge,80.78,15.39,1.69,9.72,1.47
203,Beef - Ground Medium,Nintendo Switch,1983,Action,Cogibox,40.43,9.8,1.71,1.61,10.19
204,Cake Sheet Combo Party Pack,PS4,2005,Shooter,Nlounge,52.99,9.17,7.97,4.71,4.32
205,"Bread - Rolls, Rye",PS4,1985,Sports,Bubbletube,44.4,20.4,8.33,4.96,9.37
206,Muffin Batt - Choc Chk,Nintendo Switch,2008,Sports,Yata,26.36,21.55,0.51,0.35,9.33
207,Vinegar - Tarragon,Nintendo Switch,1982,Shooter,Meevee,47.23,19.76,2.06,6.95,3.45
208,"Asparagus - White, Fresh",Xbox One,2010,Action,Gigazoom,5.07,5.67,0.61,3.65,6.11
209,Peppercorns - Pink,Nintendo Switch,2007,Action,Trilith,16.15,15.12,6.21,3.55,5.36
210,Ginger - Fresh,Nintendo Switch,2009,Action,Brainverse,28.55,25.21,2.54,10.26,3.83
211,Capers - Pickled,Nintendo Switch,2011,Sports,Kwinu,52.24,1.61,2.22,8.35,8.32
212,Wine - Malbec Trapiche Reserve,Xbox One,1996,Sports,Dynava,55.0,24.89,8.05,5.72,0.0
213,Onions - Vidalia,PS4,1993,Sports,Gabcube,57.38,1.24,1.11,0.66,8.66
214,Bulgar,Xbox One,2000,Action,Twiyo,67.7,22.04,1.39,9.41,0.63
215,Foil Cont Round,Nintendo Switch,1990,Sports,Meezzy,16.66,4.27,5.97,1.19,4.46
216,Appetizer - Asian Shrimp Roll,Nintendo Switch,1999,Action,Cogibox,55.4,19.86,10.01,2.12,1.95
217,Cotton Wet Mop 16 Oz,Xbox One,2015,Shooter,Layo,53.01,14.57,7.83,9.65,10.28
218,Ecolab - Medallion,Xbox One,2015,Action,Voomm,13.83,13.06,7.89,2.7,0.32
219,Sobe - Tropical Energy,Xbox One,2011,Shooter,Yakidoo,17.58,21.59,5.53,8.23,10.5
220,Chocolate - Sugar Free Semi Choc,Nintendo Switch,1983,Action,Trilia,81.25,16.97,1.03,4.4,9.82
221,Carbonated Water - Strawberry,Xbox One,2015,Sports,Yata,78.1,2.03,1.06,9.11,3.28
222,Munchies Honey Sweet Trail Mix,Nintendo Switch,1987,Sports,Meevee,62.64,4.08,8.63,6.73,0.33
223,"Turkey - Breast, Double",Nintendo Switch,1982,Shooter,Edgepulse,38.71,9.51,2.0,8.69,2.6
224,"Wine - White, Concha Y Toro",PS4,2001,Action,Cogilith,11.51,22.61,4.79,0.91,1.21
225,Beer - Original Organic Lager,PS4,2022,Action,Bluezoom,30.47,10.87,2.81,4.96,7.33
226,Jolt Cola - Red Eye,Xbox One,1981,Shooter,Dablist,27.38,15.45,5.5,8.62,6.92
227,"Yogurt - Cherry, 175 Gr",Nintendo Switch,1990,Action,Lajo,64.61,12.81,7.87,0.65,2.0
228,"Roe - Lump Fish, Red",Xbox One,2001,Action,Yadel,10.44,24.34,2.94,0.25,4.51
229,Bread Ww Cluster,PS4,1988,Sports,Brightbean,56.49,8.46,3.91,8.07,9.42
230,"Crab - Blue, Frozen",Xbox One,2000,Action,Oloo,49.62,16.12,8.93,5.39,3.59
231,Wine - Riesling Alsace Ac 2001,PS4,1990,Action,Roodel,35.79,0.1,1.27,0.15,8.11
232,Apple - Macintosh,PS4,1982,Shooter,Jabbersphere,17.95,24.0,4.23,0.31,8.46
233,Parsley - Dried,Nintendo Switch,1996,Shooter,Jabbersphere,2.85,15.68,1.01,2.26,7.28
234,Cilantro / Coriander - Fresh,Nintendo Switch,1995,Shooter,Eimbee,38.71,15.76,3.24,0.46,5.33
235,Bread - Italian Roll With Herbs,PS4,2006,Shooter,Trudoo,63.13,19.09,2.74,6.91,0.87
236,"Asparagus - White, Fresh",Nintendo Switch,1985,Sports,Pixoboo,38.06,20.58,4.39,2.92,8.35
237,Yukon Jack,Nintendo Switch,1990,Action,Avamba,0.24,15.77,6.08,8.04,8.61
238,Propel Sport Drink,Nintendo Switch,1995,Shooter,Topicstorm,81.88,12.66,3.38,4.79,10.1
239,"Lemonade - Strawberry, 591 Ml",Nintendo Switch,2011,Shooter,Skiba,67.18,13.03,5.56,0.57,9.86
240,Wine La Vielle Ferme Cote Du,PS4,2004,Shooter,Skyvu,34.13,10.55,9.6,6.47,5.21
241,Bread - Pumpernickel,PS4,1995,Action,Edgeblab,23.96,3.46,7.51,0.31,1.52
242,"Dill - Primerba, Paste",PS4,1991,Sports,JumpXS,8.7,27.24,7.46,9.17,4.15
243,"Oil - Olive, Extra Virgin",PS4,1999,Shooter,Oyope,20.56,23.89,2.91,0.59,2.86
244,Muskox - French Rack,Xbox One,2007,Shooter,Kamba,14.07,22.27,4.93,4.61,10.09
245,V8 - Vegetable Cocktail,Xbox One,1980,Sports,Bubblebox,50.06,11.42,6.87,8.42,0.52
246,Tomatoes Tear Drop,Nintendo Switch,1999,Shooter,Meembee,79.0,14.37,6.8,4.55,10.39
247,Squeeze Bottle,Nintendo Switch,1994,Action,Ailane,58.71,8.45,4.79,1.05,9.77
248,Bag - Clear 7 Lb,PS4,2021,Sports,Voonyx,37.18,7.79,9.18,1.99,5.61
249,Onion - Dried,Nintendo Switch,1982,Shooter,Quamba,50.08,21.56,5.83,10.06,10.04
250,Crackers - Graham,Xbox One,1987,Shooter,Ntags,66.86,7.36,2.86,6.29,9.18
251,"Wine - Harrow Estates, Vidal",PS4,2022,Action,Latz,82.66,2.84,0.99,1.81,2.88
252,"Pepper - Julienne, Frozen",Nintendo Switch,2009,Sports,Dynazzy,82.56,16.68,2.4,7.33,9.26
253,Muffin Chocolate Individual Wrap,Xbox One,2011,Action,Innotype,48.48,22.45,0.97,6.88,6.54
254,Chivas Regal - 12 Year Old,PS4,2004,Action,Lazz,37.83,2.6,2.17,4.83,7.68
255,Juice - Apple 284ml,PS4,1982,Shooter,Leexo,36.49,13.07,5.88,6.08,4.78
256,Uniform Linen Charge,Xbox One,2004,Shooter,Centimia,2.71,9.82,9.38,1.34,4.1
257,"Beans - Navy, Dry",PS4,1987,Action,Realmix,53.15,14.42,5.59,1.56,8.95
258,Tomatoes Tear Drop,Xbox One,1989,Sports,Youfeed,19.09,24.77,4.52,2.05,4.78
259,"Orange - Canned, Mandarin",Nintendo Switch,2016,Shooter,Rhyloo,72.35,2.2,4.98,7.58,7.37
260,Pate - Liver,PS4,2015,Shooter,Rhyloo,22.38,6.85,0.21,4.57,4.36
261,Containter - 3oz Microwave Rect.,PS4,2004,Sports,Voonyx,4.75,3.43,5.81,8.09,2.79
262,Rootbeer,Xbox One,1989,Shooter,Fivebridge,31.27,9.59,6.68,6.74,2.73
263,Chicken - Base,Xbox One,2004,Sports,Katz,55.1,12.39,6.17,1.12,0.56
264,"Cheese - Woolwich Goat, Log",Xbox One,2022,Action,Yakitri,11.69,14.5,7.21,1.19,6.32
265,"Pork - Loin, Bone - In",PS4,2004,Shooter,Lazzy,10.63,27.78,6.61,8.48,6.88
266,Tea - English Breakfast,Xbox One,2016,Action,Voonix,29.75,19.28,4.15,6.21,10.5
267,Chevere Logs,Nintendo Switch,1982,Action,Muxo,43.7,0.52,2.28,9.27,7.49
268,"Carrots - Mini, Stem On",Nintendo Switch,1997,Sports,Twitterwire,16.14,23.62,6.3,7.96,0.56
269,Dragon Fruit,PS4,2000,Shooter,Kazu,57.96,14.74,0.92,8.35,0.22
270,Wine - Jackson Triggs Okonagan,Nintendo Switch,1981,Sports,Twiyo,34.47,14.23,0.77,4.68,6.01
271,Water - Spring 1.5lit,Nintendo Switch,2004,Action,Minyx,78.29,17.05,0.55,9.98,10.02
272,"Coconut - Shredded, Sweet",PS4,1993,Shooter,Tagpad,22.34,8.85,3.39,2.93,4.42
273,Tray - 16in Rnd Blk,PS4,1984,Sports,Eare,10.19,22.29,0.34,10.53,5.68
274,Lotus Rootlets - Canned,Xbox One,1986,Sports,Mydo,20.15,27.58,0.58,3.81,6.14
275,"Zucchini - Mini, Green",Xbox One,1988,Action,Twitterworks,37.69,20.43,4.07,7.85,10.26
276,"Salt - Rock, Course",Nintendo Switch,2005,Sports,Tanoodle,17.15,6.54,8.61,6.37,10.13
277,Bagelers,Nintendo Switch,2000,Sports,Ntag,47.05,0.5,10.17,7.14,5.58
278,Peas Snow,Xbox One,1990,Shooter,Lazzy,6.75,0.91,2.92,1.65,5.75
279,"Yeast - Fresh, Fleischman",Nintendo Switch,2000,Action,Flashspan,68.95,21.35,4.65,6.22,1.69
280,Wine - Puligny Montrachet A.,Nintendo Switch,1980,Action,Oyope,50.49,26.85,9.33,1.82,6.09
281,Lamb - Loin Chops,Xbox One,1982,Action,Skiptube,35.07,12.01,0.84,7.77,6.11
282,Bread - Hamburger Buns,Xbox One,1996,Sports,Kanoodle,67.33,6.96,9.48,2.73,0.77
283,Sugar - Crumb,PS4,2007,Sports,Skiba,16.78,2.55,2.08,6.99,1.1
284,"Soup - Campbells, Chix Gumbo",Nintendo Switch,2009,Sports,Tazzy,12.9,14.2,9.76,7.47,9.42
285,Numi - Assorted Teas,Xbox One,1994,Action,Innojam,52.46,10.57,1.93,2.4,1.22
286,Kirsch - Schloss,Nintendo Switch,1994,Shooter,Fivechat,80.17,22.48,0.7,10.18,8.4
287,Clams - Canned,Nintendo Switch,2001,Shooter,Livefish,55.66,7.66,4.35,2.85,5.92
288,"Wine - White, Cooking",PS4,2007,Shooter,Brainbox,75.45,6.14,4.51,7.99,2.06
289,"Chicken - Leg, Fresh",Xbox One,2015,Action,Dabjam,10.71,11.5,9.4,3.18,3.97
290,Horseradish - Prepared,Xbox One,2021,Action,Thoughtbridge,39.61,3.08,7.01,3.45,0.04
291,Chicken - Whole Fryers,PS4,1989,Action,Tambee,62.4,1.34,6.19,3.09,2.22
292,Spic And Span All Purpose,Nintendo Switch,2002,Sports,Gabvine,48.02,19.95,5.25,1.73,5.01
293,Rice - Brown,Xbox One,1982,Shooter,Thoughtsphere,43.88,5.54,6.82,10.22,1.01
294,Cotton Wet Mop 16 Oz,Xbox One,2008,Shooter,Thoughtmix,4.15,3.53,5.68,6.84,10.24
295,Trueblue - Blueberry Cranberry,PS4,2018,Shooter,Jayo,61.31,25.72,0.55,4.55,2.8
296,Table Cloth 54x54 White,Nintendo Switch,1984,Sports,Divape,75.46,11.48,8.53,5.48,0.71
297,Macaroons - Two Bite Choc,Xbox One,2017,Shooter,Roodel,5.76,16.43,8.67,4.29,8.57
298,Sausage - Blood Pudding,PS4,1995,Sports,Divanoodle,16.48,2.9,0.57,0.14,0.49
299,Aspic - Amber,PS4,1999,Sports,Flipbug,62.53,10.6,3.5,4.04,8.22
300,English Muffin,Xbox One,1981,Sports,Viva,39.68,10.04,0.23,4.64,9.64
301,"Sauce - Gravy, Au Jus, Mix",Nintendo Switch,2019,Sports,Yakijo,58.53,0.77,6.62,9.72,6.37
302,"Pepper - Black, Crushed",Xbox One,1982,Sports,Feednation,61.39,13.81,0.44,1.01,1.96
303,Ice Cream - Super Sandwich,PS4,2012,Action,Wikizz,78.54,22.62,5.04,6.65,7.36
304,Sauce - Mint,Nintendo Switch,2008,Shooter,Reallinks,59.66,22.75,3.45,3.78,5.1
305,Cake Sheet Combo Party Pack,Xbox One,2015,Sports,Ntags,55.77,1.36,9.07,6.55,9.02
306,Piping - Bags Quizna,PS4,1989,Shooter,Camido,58.31,10.89,6.5,3.67,6.07
307,Cheese - Fontina,Nintendo Switch,2000,Shooter,Oloo,70.17,4.78,2.02,4.88,2.75
308,Chicken Breast Wing On,Nintendo Switch,2006,Sports,Quinu,1.15,10.25,3.32,1.1,3.81
309,Wine - Jaboulet Cotes Du Rhone,Xbox One,1998,Sports,Trudoo,79.0,9.41,0.11,5.61,2.93
310,Crab - Imitation Flakes,PS4,2010,Shooter,Divavu,65.66,6.75,1.17,5.48,7.85
311,"Water - Mineral, Carbonated",PS4,2005,Sports,Kanoodle,26.84,14.29,2.93,7.31,10.55
312,Wine - Vouvray Cuvee Domaine,PS4,2005,Sports,Flipstorm,16.86,15.51,1.59,9.22,8.54
313,Cocoa Feuilletine,Nintendo Switch,2001,Shooter,Flipstorm,57.14,24.29,10.2,3.28,5.87
314,Mushroom - White Button,Nintendo Switch,1983,Sports,Thoughtblab,59.46,23.63,8.13,4.44,10.28
315,Juice - Ocean Spray Cranberry,PS4,1983,Action,Kayveo,73.01,23.46,9.11,2.32,8.51
316,Crab - Meat,Xbox One,2018,Action,Riffwire,55.72,22.0,6.68,1.87,0.15
317,Bread - Onion Focaccia,PS4,1984,Action,Quatz,74.42,25.75,0.81,1.65,2.18
318,Bread - Olive Dinner Roll,Nintendo Switch,2018,Shooter,Ozu,27.62,8.35,8.84,1.57,10.56
319,Lady Fingers,PS4,2016,Sports,Skynoodle,6.13,21.65,4.84,7.83,4.17
320,Bacardi Mojito,Nintendo Switch,2011,Sports,Realbridge,4.49,9.9,4.71,5.26,10.48
321,Pepper - Roasted Red,PS4,2009,Sports,Fivebridge,66.24,23.77,7.03,5.32,2.68
322,"Sole - Dover, Whole, Fresh",Xbox One,2012,Shooter,Avavee,19.6,6.57,7.32,8.65,4.85
323,Pork - Sausage Casing,PS4,2018,Action,Skynoodle,48.3,9.2,9.87,0.11,7.81
324,Squid - U 5,Nintendo Switch,1996,Sports,Agimba,72.09,5.24,1.5,7.42,10.05
325,Appetizer - Mushroom Tart,PS4,2010,Shooter,Tagcat,19.93,18.51,0.97,6.75,2.62
326,"Syrup - Monin, Swiss Choclate",Nintendo Switch,2001,Shooter,Gigaclub,55.28,9.26,7.36,9.23,4.25
327,Pork - Ground,Nintendo Switch,1998,Action,Yamia,42.6,18.79,8.97,2.21,7.16
328,The Pop Shoppe - Cream Soda,Nintendo Switch,2008,Sports,Fanoodle,66.74,5.74,9.96,8.99,5.8
329,"Turkey - Breast, Boneless Sk On",PS4,2004,Shooter,Layo,67.46,28.67,5.26,8.49,1.53
330,Paste - Black Olive,Nintendo Switch,2013,Action,Brainlounge,6.71,25.73,3.62,7.17,1.39
331,Sausage - Chorizo,Xbox One,2003,Sports,Skinder,44.23,3.17,3.72,5.79,9.03
332,Lime Cordial - Roses,Nintendo Switch,2001,Shooter,Gabtune,72.18,3.51,7.43,4.23,8.45
333,Seaweed Green Sheets,Nintendo Switch,1993,Sports,Tavu,29.03,6.16,1.22,6.07,2.75
334,Crackers - Melba Toast,PS4,1998,Action,Wikibox,41.91,2.89,2.97,0.05,9.21
335,"Coconut - Creamed, Pure",Nintendo Switch,1994,Shooter,Gabcube,32.65,18.61,9.79,2.58,6.34
336,Crackers - Water,Xbox One,2007,Sports,Bubbletube,82.42,12.2,0.07,9.2,8.09
337,Pie Box - Cello Window 2.5,Xbox One,2002,Sports,Kazu,54.23,16.94,1.44,1.06,8.64
338,Higashimaru Usukuchi Soy,Nintendo Switch,2001,Sports,Kazio,44.54,23.79,6.03,1.78,9.9
339,Muffin - Banana Nut Individual,PS4,2002,Shooter,Meevee,22.13,8.14,5.79,4.78,1.12
340,The Pop Shoppe - Root Beer,Nintendo Switch,2017,Sports,Zooveo,57.23,4.15,3.47,6.79,4.61
341,Beer - Steamwhistle,Nintendo Switch,1997,Sports,Dablist,61.42,20.91,4.8,0.15,8.95
342,Bread - Hamburger Buns,Xbox One,2007,Shooter,Flashset,28.36,19.56,1.98,7.7,1.36
343,Sweet Pea Sprouts,Xbox One,1999,Action,Yambee,4.67,0.69,1.46,10.09,5.42
344,Chocolate - Semi Sweet,Xbox One,2006,Action,Topdrive,40.4,18.78,3.78,4.54,6.87
345,"Potatoes - Purple, Organic",Xbox One,1985,Action,Zoomdog,36.55,10.32,2.29,6.19,6.82
346,Boogies,PS4,2005,Shooter,Skipfire,11.3,28.76,5.62,5.62,2.97
347,Garlic Powder,Xbox One,1983,Action,Livepath,80.68,26.73,2.95,7.83,9.55
348,Wine - Carmenere Casillero Del,PS4,1985,Sports,Yambee,8.58,5.29,5.13,3.5,3.02
349,Compound - Orange,Nintendo Switch,2014,Action,Twinte,33.17,26.38,7.55,5.37,6.26
350,Blue Curacao - Marie Brizard,PS4,2008,Sports,Nlounge,50.26,17.23,4.6,3.02,4.72
351,"Cherries - Maraschino,jar",PS4,2007,Shooter,Browsetype,45.8,3.91,7.74,6.06,7.01
352,Oneshot Automatic Soap System,Nintendo Switch,2000,Shooter,Lazzy,4.34,25.77,0.21,4.48,0.21
353,Chevril,Xbox One,1998,Action,Devshare,45.73,22.73,9.07,3.81,0.95
354,Table Cloth 62x120 White,PS4,2001,Sports,Kazu,0.41,23.08,4.25,3.18,9.05
355,Ecolab - Hand Soap Form Antibac,Xbox One,2001,Action,Kwilith,29.34,28.19,3.09,8.54,6.98
356,Soup - Campbells Chicken,Xbox One,2008,Sports,Skippad,44.78,18.01,1.15,8.46,0.74
357,Pate - Peppercorn,PS4,1981,Shooter,Linktype,5.79,3.58,9.62,9.5,2.31
358,Broom - Push,PS4,2016,Sports,Podcat,34.35,11.02,2.16,8.13,3.43
359,Lettuce - Radicchio,Xbox One,1988,Sports,Wordpedia,45.45,1.89,3.11,2.85,0.93
360,Soup - Campbells Chicken,Nintendo Switch,1994,Action,Katz,64.94,7.92,1.58,4.34,4.41
361,Bagels Poppyseed,Xbox One,2014,Action,Yakidoo,64.59,3.39,4.58,7.32,6.73
362,"Pasta - Orzo, Dry",Nintendo Switch,1982,Shooter,Blogspan,50.5,19.34,0.56,9.82,0.47
363,"Turkey - Breast, Smoked",Nintendo Switch,2001,Action,Quamba,27.15,18.73,6.69,8.46,7.8
364,Spice - Paprika,PS4,2014,Sports,Meevee,23.23,27.39,3.74,9.17,2.7
365,"Nut - Walnut, Chopped",PS4,2020,Action,Feedfish,2.89,5.9,6.06,8.02,8.43
366,Calypso - Strawberry Lemonade,Nintendo Switch,2005,Shooter,Buzzbean,2.77,10.64,0.85,4.86,3.75
367,Energy Drink Bawls,Xbox One,1995,Sports,Wikido,15.27,3.73,8.36,1.43,7.51
368,Onions - White,Xbox One,1983,Action,Vinder,82.41,1.94,5.59,5.28,0.97
369,Beer - Sleemans Cream Ale,Nintendo Switch,2011,Action,Jayo,52.06,16.66,1.09,0.98,5.6
370,Plasticknivesblack,Nintendo Switch,2011,Shooter,Topiczoom,40.44,25.32,8.45,1.07,3.1
371,Compound - Passion Fruit,Nintendo Switch,2012,Shooter,Vinte,18.32,23.97,7.24,4.92,4.24
372,Curry Paste - Green Masala,PS4,2022,Sports,Buzzshare,68.24,26.63,1.58,0.22,8.71
373,Shrimp - 100 / 200 Cold Water,Xbox One,2014,Sports,Skinder,38.78,2.14,1.72,5.15,7.23
374,Scallops - In Shell,Xbox One,1993,Sports,Abatz,61.65,3.49,6.53,1.36,3.9
375,Wine - Casillero Deldiablo,Nintendo Switch,1997,Action,Edgeblab,28.69,22.59,1.64,0.33,1.05
376,Ecolab - Power Fusion,PS4,1999,Action,Trilith,21.98,23.08,8.5,7.04,4.71
377,Flour Pastry Super Fine,Nintendo Switch,1991,Action,Zava,2.52,0.9,4.28,5.6,5.0
378,Flower - Commercial Bronze,PS4,1998,Shooter,Divanoodle,59.99,2.92,7.92,1.69,3.44
379,Eggplant - Regular,PS4,2015,Action,Zava,9.91,26.98,1.37,7.25,1.58
380,Bag - Clear 7 Lb,Nintendo Switch,2017,Action,Fivebridge,10.15,8.29,6.43,6.7,5.12
381,Rice - Sushi,Nintendo Switch,2009,Shooter,Jabbertype,33.68,25.47,1.34,3.26,1.4
382,"Marsala - Sperone, Fine, D.o.c.",Nintendo Switch,1986,Sports,Brainbox,53.26,2.32,4.72,7.15,10.43
383,Tumeric,PS4,2005,Sports,Flipbug,3.93,22.78,0.66,8.55,1.37
384,Coffee - Cafe Moreno,Nintendo Switch,2012,Shooter,Trupe,41.56,25.06,0.17,1.32,3.31
385,Daikon Radish,Nintendo Switch,2000,Action,Flipstorm,58.62,6.7,7.28,7.49,1.49
386,"Pepper - Chipotle, Canned",PS4,1987,Sports,Tazz,63.53,7.22,5.67,4.36,8.17
387,"Roe - Lump Fish, Red",Nintendo Switch,2005,Shooter,Blogspan,30.72,4.99,6.78,1.47,7.9
388,Lid Tray - 16in Dome,Nintendo Switch,2005,Sports,Trilia,10.5,7.86,4.8,9.21,8.34
389,Banana,Xbox One,1993,Sports,Dynabox,32.45,23.64,9.3,5.23,8.61
390,Vaccum Bag - 14x20,Nintendo Switch,2018,Sports,Katz,27.49,4.64,1.62,4.9,5.92
391,Milkettes - 2%,Nintendo Switch,2007,Shooter,Jaloo,29.29,6.31,4.86,1.07,1.1
392,Soup - Campbells Chili,Xbox One,2010,Sports,Dabfeed,17.96,11.77,6.33,4.48,6.27
393,Creamers - 10%,Nintendo Switch,1995,Shooter,Buzzdog,9.7,26.72,8.38,5.97,1.44
394,"Ranchero - Primerba, Paste",Xbox One,1997,Shooter,Browseblab,8.52,24.63,7.2,6.15,6.73
395,"Roe - Lump Fish, Black",Nintendo Switch,2018,Shooter,Oba,43.25,1.26,5.97,5.92,5.21
396,Liners - Baking Cups,Nintendo Switch,2009,Action,Skidoo,59.4,28.74,0.25,1.67,5.9
397,Plaintain,PS4,1999,Action,Voomm,64.43,12.61,7.61,9.2,8.47
398,Fib N9 - Prague Powder,PS4,1991,Sports,Trudeo,35.99,26.11,4.8,6.41,8.0
399,Wine - Lou Black Shiraz,Nintendo Switch,1992,Action,Chatterpoint,40.28,20.97,5.76,2.69,10.2
400,Dip - Tapenade,Nintendo Switch,1987,Action,Dynabox,70.7,15.46,3.7,8.08,8.59
401,Salt - Seasoned,Nintendo Switch,2014,Action,Dabfeed,51.11,12.01,7.37,3.71,0.18
402,Lamb - Whole Head Off,Nintendo Switch,2010,Action,Lajo,75.22,1.09,7.25,8.57,4.09
403,Duck - Whole,Nintendo Switch,2018,Action,Browseblab,61.0,28.28,0.18,1.92,2.22
404,Venison - Striploin,Nintendo Switch,1986,Shooter,Mymm,11.28,23.43,10.0,9.6,10.12
405,Potatoes - Pei 10 Oz,PS4,2002,Action,Eadel,12.95,0.95,2.0,6.97,3.18
406,Bay Leaf,Nintendo Switch,1996,Action,Zoombox,25.43,7.02,1.51,7.37,6.03
407,Toothpick Frilled,Nintendo Switch,2021,Sports,Zoonder,33.66,5.16,2.73,5.85,1.3
408,Triple Sec - Mcguinness,PS4,1982,Shooter,Janyx,78.53,19.78,0.03,9.55,9.51
409,Oven Mitts 17 Inch,PS4,2011,Action,Wikido,11.44,7.44,6.25,10.5,7.53
410,Tomato - Green,PS4,2017,Sports,Riffpath,23.13,26.64,7.13,0.32,8.92
411,Curry Powder,Nintendo Switch,1994,Sports,Cogilith,21.9,19.11,8.65,6.55,0.81
412,Tea - English Breakfast,Xbox One,2005,Shooter,Skidoo,24.23,6.63,4.06,1.15,2.5
413,Lettuce - Lolla Rosa,Xbox One,1985,Shooter,Divavu,63.82,8.99,5.18,6.61,1.45
414,Bread - Ciabatta Buns,Xbox One,1993,Shooter,Dynava,50.47,8.31,0.76,0.64,3.84
415,Pie Box - Cello Window 2.5,Nintendo Switch,1997,Action,Zoombox,49.59,1.86,5.78,1.0,10.14
416,Oil - Olive Bertolli,PS4,2011,Action,Devpulse,67.61,16.65,7.14,4.63,3.77
417,Ham - Procutinni,PS4,1989,Action,Topiczoom,14.51,24.58,9.99,5.49,9.69
418,Wine - Piper Heidsieck Brut,Xbox One,2002,Shooter,Twimbo,33.38,18.35,2.66,5.98,6.36
419,Beer - Moosehead,Nintendo Switch,1999,Shooter,Devpulse,13.06,22.4,1.01,3.12,8.45
420,Oil - Avocado,PS4,2014,Action,Eadel,80.59,10.87,10.22,10.28,1.12
421,Rice - Long Grain,Xbox One,1995,Shooter,Mydo,77.81,3.63,3.9,3.92,6.91
422,Bread Cranberry Foccacia,Nintendo Switch,1991,Sports,Eayo,52.86,26.99,9.09,6.08,3.89
423,Appetizer - Veg Assortment,PS4,2015,Sports,Zoonder,61.06,16.67,3.8,6.24,7.9
424,Wine - Ej Gallo Sierra Valley,Nintendo Switch,2017,Sports,Oyondu,46.34,9.22,4.01,9.86,6.5
425,Beef - Striploin Aa,Nintendo Switch,2014,Shooter,Mita,73.72,4.9,5.56,7.34,9.64
426,"Mushroom - Shitake, Dry",Xbox One,2011,Sports,Oyope,55.4,18.3,7.83,8.23,3.41
427,Hog / Sausage Casing - Pork,Nintendo Switch,1995,Sports,Photobean,77.51,10.89,8.96,7.32,3.23
428,"Beef - Outside, Round",Nintendo Switch,2007,Action,Gabvine,60.88,10.03,4.57,6.43,3.33
429,Compound - Orange,PS4,1988,Shooter,Leexo,20.18,11.35,8.02,4.49,5.97
430,Truffle Cups - White Paper,PS4,2007,Action,Twinte,18.36,7.2,9.59,7.03,3.06
431,Cod - Black Whole Fillet,Xbox One,2019,Action,Trilith,36.14,14.55,2.08,4.11,5.49
432,Sauce - Hoisin,Xbox One,1986,Sports,Pixoboo,14.15,10.73,5.0,6.54,5.72
433,Pasta - Fusili Tri - Coloured,Xbox One,1983,Sports,Zazio,61.2,6.58,6.08,4.1,9.77
434,Rabbit - Saddles,Xbox One,1980,Shooter,Browsebug,61.45,14.92,8.5,6.81,1.8
435,Cheese - Cottage Cheese,Xbox One,2019,Action,Meejo,33.13,14.51,2.87,9.1,6.52
436,Energy - Boo - Koo,Xbox One,2013,Sports,Twinder,63.5,3.41,8.93,3.3,8.9
437,Vanilla Beans,Xbox One,2010,Sports,Edgetag,61.53,19.43,3.24,4.05,1.05
438,Spinach - Frozen,PS4,1988,Shooter,Podcat,41.54,8.48,7.56,7.1,1.26
439,Milk - Buttermilk,PS4,1984,Shooter,Zoozzy,22.7,8.43,7.11,0.27,6.49
440,Ostrich - Prime Cut,Nintendo Switch,1996,Shooter,Mybuzz,78.5,20.95,4.54,10.19,6.46
441,Contreau,PS4,1994,Shooter,Yodo,57.05,25.54,2.41,5.79,1.01
442,Yogurt - French Vanilla,Xbox One,2019,Shooter,Muxo,14.38,2.34,7.23,1.07,6.94
443,Veal - Loin,Nintendo Switch,1995,Shooter,Jayo,27.58,1.71,8.17,3.33,5.45
444,Kahlua,Nintendo Switch,1996,Shooter,Oyondu,33.64,8.26,9.12,3.54,5.86
445,"Nut - Pecan, Pieces",Nintendo Switch,1996,Action,Realbridge,58.78,5.75,5.22,6.42,9.14
446,Pears - Bartlett,Nintendo Switch,2022,Action,Reallinks,76.4,7.19,0.13,8.73,0.89
447,Duck - Fat,Xbox One,2011,Action,Kaymbo,32.58,2.46,3.6,9.58,1.92
448,Bacardi Breezer - Strawberry,Xbox One,2020,Shooter,Voomm,80.73,19.97,4.43,9.15,2.49
449,Chips - Potato Jalapeno,Xbox One,1981,Action,Ozu,40.74,4.03,0.1,1.01,1.27
450,Goldschalger,PS4,2000,Action,Divape,12.69,14.3,2.48,0.85,7.82
451,"Wine - Red, Harrow Estates, Cab",Nintendo Switch,2001,Shooter,Gigaclub,59.65,28.63,4.04,5.67,5.51
452,Wine - Valpolicella Masi,Xbox One,2016,Sports,Yombu,72.76,2.54,2.37,1.29,9.9
453,Cookie Double Choco,PS4,2000,Action,Brainverse,32.53,23.26,4.22,2.68,10.2
454,Garlic,Xbox One,1995,Action,Tagchat,26.57,0.66,4.76,4.0,8.53
455,Oxtail - Cut,Nintendo Switch,1982,Action,Devpoint,28.75,25.72,8.35,7.37,7.51
456,Lime Cordial - Roses,Xbox One,2015,Sports,Youfeed,8.02,12.83,2.03,2.32,10.3
457,Lamb - Shoulder,Nintendo Switch,2008,Sports,Edgewire,13.54,26.54,2.12,1.25,6.35
458,Sauce - Hollandaise,PS4,2001,Sports,Einti,54.54,21.25,0.47,5.21,10.09
459,"Pepper - Red, Finger Hot",Xbox One,2001,Shooter,Thoughtbridge,39.5,4.22,0.32,8.19,6.76
460,Veal - Nuckle,Nintendo Switch,2005,Sports,Mymm,29.08,4.4,2.23,5.25,3.94
461,Carbonated Water - Peach,PS4,2004,Shooter,Buzzshare,8.63,26.09,4.32,5.07,5.47
462,Beer - Upper Canada Light,Xbox One,2007,Shooter,Camido,6.58,21.72,8.17,5.92,9.77
463,Apple - Granny Smith,Nintendo Switch,2008,Sports,Plajo,60.98,26.34,0.1,9.9,3.68
464,Cheese - Valancey,PS4,2012,Shooter,Jaxspan,45.09,12.24,8.58,10.45,4.04
465,Nori Sea Weed - Gold Label,PS4,2003,Action,Voolith,56.14,17.38,0.21,3.69,5.86
466,Soup - Base Broth Chix,Nintendo Switch,1995,Sports,Skippad,15.26,25.48,6.23,1.72,4.32
467,Wine - Chablis J Moreau Et Fils,Nintendo Switch,1988,Sports,Cogilith,46.42,8.93,7.76,8.68,1.22
468,Beer - Sleeman Fine Porter,PS4,2011,Sports,Ooba,20.76,10.15,9.79,6.68,5.55
469,Table Cloth 62x114 White,Nintendo Switch,2008,Sports,Devify,79.96,18.31,7.12,1.93,2.52
470,Ice Cream - Super Sandwich,Nintendo Switch,2018,Shooter,Thoughtbeat,53.78,17.61,0.16,9.85,5.0
471,Flour - Strong Pizza,Nintendo Switch,2011,Shooter,Browsetype,82.49,0.86,1.15,8.31,8.12
472,Muffin - Mix - Bran And Maple 15l,Nintendo Switch,2003,Action,Quamba,61.46,15.57,2.17,9.45,4.15
473,Fondant - Icing,Xbox One,2017,Action,Camido,3.61,8.67,5.73,0.73,8.84
474,"Beans - Fava, Canned",Xbox One,2009,Sports,Gabtype,38.68,9.78,3.27,9.43,0.42
475,Maple Syrup,Xbox One,1982,Action,Photobug,20.77,0.17,6.27,2.23,6.9
476,Halibut - Steaks,Nintendo Switch,2010,Sports,Devshare,65.48,9.92,9.53,0.68,7.68
477,Mince Meat - Filling,Xbox One,1989,Action,Shuffledrive,58.73,16.8,10.15,7.41,1.71
478,Ham - Cooked Italian,PS4,1984,Shooter,Yamia,30.91,2.87,9.47,10.05,2.74
479,Pepper - Yellow Bell,PS4,1997,Sports,Yakitri,42.99,12.0,5.61,8.43,3.05
480,Cut Wakame - Hanawakaba,Xbox One,2010,Shooter,DabZ,43.07,16.58,5.12,5.76,7.64
481,Vegetable - Base,PS4,2005,Sports,Mycat,63.45,20.99,0.48,0.55,0.02
482,Haggis,Xbox One,1983,Action,Kwideo,60.98,6.18,3.24,10.43,10.39
483,"Sugar - Brown, Individual",Xbox One,2007,Shooter,Edgeblab,36.11,20.23,7.44,4.72,8.08
484,Pork - Sausage Casing,Xbox One,2014,Sports,Realblab,28.95,2.58,8.9,4.54,3.11
485,Vinegar - Raspberry,Xbox One,1981,Shooter,Dabjam,4.72,17.64,6.96,4.48,5.17
486,"Olives - Green, Pitted",Xbox One,2009,Sports,Zoonder,82.73,9.66,10.06,1.94,3.88
487,Cake - Night And Day Choclate,Nintendo Switch,2011,Action,Mydo,3.86,28.77,6.67,4.31,0.97
488,"Beef - Ox Tail, Frozen",Xbox One,1984,Shooter,Zoomzone,7.65,16.43,3.9,2.58,8.86
489,Pie Shell - 9,PS4,1990,Sports,Oodoo,21.25,1.26,8.91,0.38,3.79
490,Chicken - Base,Nintendo Switch,1992,Shooter,Twitternation,61.86,17.36,0.63,5.65,6.5
491,"Tarragon - Primerba, Paste",Xbox One,2021,Action,Trudoo,59.52,2.0,0.48,7.57,3.97
492,Wine - Vouvray Cuvee Domaine,PS4,2004,Sports,Flashpoint,5.35,7.06,2.48,6.13,1.84
493,Pastrami,Nintendo Switch,2012,Sports,Vimbo,35.25,5.69,6.49,0.98,5.81
494,Momiji Oroshi Chili Sauce,Xbox One,1986,Action,Oyoyo,28.28,16.87,5.88,8.55,2.23
495,Oil - Shortening - All - Purpose,Xbox One,1983,Shooter,Dynabox,53.2,18.77,4.29,7.5,10.21
496,Pork - Back Ribs,Nintendo Switch,2004,Sports,Meevee,57.93,5.43,3.74,5.89,4.72
497,Squash - Sunburst,PS4,1986,Shooter,Zooveo,27.38,11.47,5.37,9.83,8.9
498,Flour - So Mix Cake White,PS4,2015,Action,Shufflester,26.14,18.61,5.18,6.68,6.41
499,"Mushroom - Enoki, Dry",Xbox One,2021,Action,Voomm,6.31,0.1,2.37,2.05,9.64
500,Vinegar - Balsamic,Nintendo Switch,2020,Shooter,Jabberbean,32.94,12.08,6.22,1.64,0.08
501,Momiji Oroshi Chili Sauce,PS4,1983,Action,Agivu,51.24,22.3,4.21,3.95,6.88
502,"Pasta - Cannelloni, Sheets, Fresh",PS4,1984,Action,Gabvine,64.81,17.38,0.71,10.36,4.26
503,Beer - Sleemans Cream Ale,Nintendo Switch,2004,Action,Thoughtstorm,68.02,21.79,1.31,0.53,0.21
504,"Oil - Truffle, Black",Xbox One,2016,Shooter,Shufflester,44.55,8.76,9.3,0.29,2.14
505,"Cake Circle, Foil, Scallop",Xbox One,2019,Action,Miboo,20.23,26.53,0.53,1.06,0.61
506,Bread - Rosemary Focaccia,Xbox One,2021,Shooter,Topicshots,57.87,8.61,7.3,2.19,7.46
507,Truffle - Peelings,Nintendo Switch,1992,Action,Dabfeed,38.46,22.01,7.72,10.11,1.35
508,"Chicken - Leg, Boneless",PS4,1994,Sports,Thoughtbeat,22.15,21.52,2.39,6.42,3.9
509,Sauce - Oyster,Xbox One,1990,Sports,Tagcat,10.3,0.71,0.14,8.85,4.11
510,Pork - Bones,Nintendo Switch,1986,Action,Tazz,41.71,6.47,4.85,8.8,2.27
511,Chocolate - Unsweetened,Xbox One,2017,Sports,Jabbersphere,19.84,22.31,5.76,8.24,6.2
512,Tuna - Bluefin,Xbox One,1981,Shooter,Skimia,31.08,20.69,1.02,9.34,8.82
513,Yucca,PS4,2014,Sports,Camido,64.86,19.05,2.37,5.2,0.43
514,Carrots - Mini Red Organic,Nintendo Switch,2013,Sports,Devbug,26.29,7.31,1.38,8.63,3.87
515,Bread Base - Goodhearth,Xbox One,2008,Sports,Skiptube,12.82,26.27,9.85,4.6,8.0
516,Mushroom - Chanterelle Frozen,PS4,2020,Shooter,Livetube,6.65,14.61,8.9,7.83,0.56
517,Anchovy Fillets,Nintendo Switch,1992,Action,Talane,56.95,20.52,9.21,2.47,9.17
518,Sauce - Marinara,PS4,2019,Action,Riffpath,32.64,24.4,1.61,8.73,1.2
519,Pasta - Ravioli,Xbox One,2001,Action,Twitterwire,31.48,16.28,1.51,6.06,9.18
520,Tomato Paste,PS4,1984,Shooter,Wordify,65.78,2.76,1.84,1.61,5.17
521,Bar Mix - Lime,Xbox One,2019,Shooter,Zoovu,79.06,15.8,0.7,7.83,7.58
522,Tea - Vanilla Chai,Nintendo Switch,2014,Sports,Centimia,45.53,15.93,0.98,1.97,0.67
523,Muffin - Carrot Individual Wrap,PS4,2015,Sports,Vidoo,32.87,25.07,7.57,5.35,9.55
524,Juice - Happy Planet,Nintendo Switch,2016,Shooter,Feednation,14.92,17.61,1.03,8.94,7.12
525,Wine - Magnotta - Pinot Gris Sr,PS4,1983,Shooter,Izio,68.95,10.02,6.25,8.94,1.21
526,Vodka - Moskovskaya,PS4,1982,Shooter,Gabspot,21.99,14.92,5.26,8.37,7.73
527,Tea - Black Currant,PS4,1993,Sports,Realfire,14.41,11.24,0.22,7.07,1.43
528,Soup - French Can Pea,Nintendo Switch,1995,Shooter,Plajo,14.06,12.61,5.89,6.08,10.44
529,Dill Weed - Fresh,Nintendo Switch,2017,Sports,Gigaclub,69.03,0.41,6.15,4.21,5.06
530,Oranges,Xbox One,2009,Action,Katz,45.9,26.65,1.22,5.6,8.26
531,Melon - Watermelon Yellow,Nintendo Switch,2000,Action,Ntag,56.82,13.75,2.46,4.57,10.21
532,Bouillion - Fish,Xbox One,2016,Action,Snaptags,8.48,5.79,7.27,2.26,1.14
533,Peppercorns - Green,Xbox One,2011,Shooter,Kaymbo,37.41,8.97,7.21,5.01,9.06
534,"Tray - Foam, Square 4 - S",PS4,2005,Action,Quamba,26.91,8.85,0.25,6.81,3.95
535,Flavouring Vanilla Artificial,PS4,1987,Action,Dynabox,38.79,15.02,3.18,5.75,9.63
536,"Soup - Knorr, Chicken Noodle",PS4,2012,Shooter,Eayo,53.38,11.08,7.16,5.5,6.0
537,Bread Bowl Plain,Xbox One,1981,Sports,Wordpedia,72.61,23.04,5.16,3.76,0.89
538,Bread - Ciabatta Buns,Xbox One,2017,Action,Innotype,22.79,0.85,1.48,7.1,0.66
539,Cheese - Victor Et Berthold,Xbox One,2005,Action,Zoombox,63.44,0.41,2.18,6.51,4.08
540,Trueblue - Blueberry Cranberry,Xbox One,2017,Sports,Vinte,41.18,18.76,4.59,8.37,1.32
541,Wine - Pinot Noir Stoneleigh,PS4,2014,Shooter,Skipstorm,77.86,22.22,6.85,8.16,3.09
542,Oil - Macadamia,Nintendo Switch,2019,Sports,Trudeo,51.34,1.74,8.23,9.62,8.56
543,"Pepper - Paprika, Hungarian",Nintendo Switch,1991,Action,Oyondu,75.09,1.35,0.62,0.02,2.97
544,Noodles - Steamed Chow Mein,Nintendo Switch,1993,Shooter,Devcast,3.12,5.96,2.53,8.09,8.14
545,Tomatoes Tear Drop,Nintendo Switch,1983,Sports,Twitterbeat,39.52,10.12,3.88,9.78,3.96
546,Wasabi Paste,Xbox One,1988,Action,Mydeo,54.73,27.08,8.74,7.73,3.67
547,Chinese Lemon Pork,PS4,1987,Sports,Vimbo,74.91,24.01,2.5,9.01,7.29
548,Beets,Nintendo Switch,2006,Sports,Jabberstorm,44.46,27.11,1.66,3.6,6.2
549,Carbonated Water - Lemon Lime,Nintendo Switch,2020,Sports,Realcube,37.08,15.92,2.51,0.41,5.76
550,Sauce - Balsamic Viniagrette,Xbox One,2011,Action,Wordtune,34.11,2.74,5.56,7.23,4.14
551,Kiwi,Nintendo Switch,2001,Action,Thoughtstorm,39.42,1.22,4.79,0.97,9.83
552,Tofu - Soft,Nintendo Switch,2012,Sports,Jabbersphere,45.63,21.67,8.74,1.05,10.26
553,Ginsing - Fresh,PS4,2010,Action,Podcat,33.85,17.73,3.62,3.28,8.63
554,Nori Sea Weed - Gold Label,Nintendo Switch,1980,Sports,Edgeify,76.51,26.94,5.4,0.88,5.14
555,Wine - Fontanafredda Barolo,Nintendo Switch,1992,Action,Feedfire,19.89,3.87,6.76,9.88,1.93
556,"Doilies - 10, Paper",Xbox One,1983,Shooter,Quimba,65.2,23.39,5.7,7.33,1.35
557,Muffin Mix - Corn Harvest,PS4,1983,Action,Blognation,45.08,5.36,5.47,3.06,3.17
558,Cup - Translucent 7 Oz Clear,Xbox One,1990,Action,Agivu,73.16,23.7,2.45,1.12,9.37
559,Quail Eggs - Canned,Nintendo Switch,2009,Sports,Mycat,40.05,25.73,3.69,8.29,9.17
560,Cheese - Cream Cheese,Xbox One,2016,Shooter,Shuffletag,79.65,27.42,4.72,9.3,9.69
561,Tomatoes - Grape,PS4,1995,Action,Twitterwire,75.47,11.88,4.81,7.18,6.99
562,Carbonated Water - Blackberry,Nintendo Switch,1990,Shooter,Aibox,47.7,16.62,2.6,7.41,2.55
563,Appetizer - Mushroom Tart,Nintendo Switch,2005,Shooter,Jabbersphere,35.13,20.05,5.82,2.61,2.18
564,"Bread - Multigrain, Loaf",PS4,1990,Action,Linkbuzz,31.32,17.66,5.4,4.43,1.91
565,Table Cloth 90x90 Colour,PS4,2021,Shooter,Leexo,36.41,7.89,4.57,6.06,8.95
566,Soup - Campbells - Tomato,Nintendo Switch,2004,Shooter,Cogibox,8.96,22.12,8.81,1.68,4.15
567,Tomato - Green,PS4,2008,Action,Devbug,42.38,28.76,4.41,9.73,1.08
568,"Tomatoes - Diced, Canned",Nintendo Switch,2017,Action,Tambee,14.88,20.25,8.84,8.15,9.82
569,"Shrimp - Baby, Cold Water",Xbox One,1999,Action,Twinder,38.81,23.1,7.05,5.32,5.97
570,Pastry - Choclate Baked,PS4,1986,Sports,Devpulse,7.82,27.13,8.23,0.69,6.64
571,"Salmon - Smoked, Sliced",Xbox One,1984,Shooter,Wikivu,1.05,17.55,3.26,7.96,0.81
572,Rabbit - Saddles,Xbox One,1988,Shooter,Devpoint,3.06,21.23,5.72,9.42,6.8
573,Fireball Whisky,Xbox One,1999,Shooter,Jaxbean,30.49,2.77,3.06,4.08,2.24
574,Icecream - Dstk Strw Chseck,Xbox One,1982,Sports,Centimia,14.91,18.24,7.35,7.5,3.51
575,Chocolate Eclairs,PS4,2007,Shooter,Leexo,26.17,9.44,9.18,8.34,4.15
576,Syrup - Pancake,PS4,1982,Sports,Riffpedia,15.6,12.44,9.62,9.38,4.37
577,Syrup - Pancake,Nintendo Switch,2001,Action,Skipstorm,54.47,3.52,6.25,6.73,1.43
578,Tea - Herbal - 6 Asst,Xbox One,1999,Sports,Youbridge,39.05,27.82,9.2,2.43,3.36
579,Mountain Dew,Xbox One,2021,Sports,Jaxnation,0.24,23.2,1.16,0.1,2.2
580,"Iced Tea - Lemon, 340ml",Xbox One,2013,Action,Myworks,61.75,2.26,3.27,0.47,3.35
581,Beef - Diced,Xbox One,1990,Shooter,Tagcat,17.54,1.16,6.67,9.02,6.06
582,Thermometer Digital,Nintendo Switch,1988,Sports,Buzzster,66.41,6.1,7.74,2.74,9.43
583,Chocolate Bar - Smarties,Xbox One,1984,Action,Kwimbee,65.85,20.34,0.4,4.82,7.58
584,Lid - 3oz Med Rec,Nintendo Switch,1996,Shooter,Demizz,72.2,15.23,7.86,8.96,4.91
585,Basil - Fresh,PS4,2003,Action,Meeveo,14.25,26.77,0.68,5.13,4.46
586,"Pasta - Rotini, Colour, Dry",PS4,1980,Action,Photobean,73.75,17.68,0.75,2.12,8.98
587,"Juice - Tomato, 48 Oz",Nintendo Switch,2022,Action,Riffpath,34.07,6.99,0.95,1.22,4.77
588,"Capon - Breast, Double, Wing On",Nintendo Switch,1996,Sports,Zoovu,74.91,12.8,9.79,2.26,5.47
589,Chocolate Bar - Reese Pieces,Nintendo Switch,2019,Shooter,Flashspan,2.66,20.03,4.39,1.06,3.84
590,Mousse - Banana Chocolate,Xbox One,2020,Sports,Thoughtbeat,1.18,22.88,5.24,10.44,9.79
591,Anchovy Fillets,PS4,1995,Action,Browsetype,23.34,20.86,6.74,7.59,8.75
592,Lychee,PS4,2009,Sports,Oyoba,43.18,22.59,4.63,2.05,9.27
593,Soup Campbells - Italian Wedding,Nintendo Switch,1981,Sports,Trilith,1.28,11.58,0.15,6.7,1.25
594,Icecream Cone - Areo Chocolate,PS4,2016,Shooter,Topiclounge,43.03,26.58,2.66,7.18,1.6
595,Table Cloth - 53x69 Colour,PS4,1989,Shooter,Yamia,33.68,7.47,7.32,9.07,5.37
596,Cake - Cheese Cake 9 Inch,Nintendo Switch,2009,Sports,Skipstorm,32.71,25.84,0.62,10.25,3.16
597,Sauce - Hp,Nintendo Switch,2009,Shooter,Vitz,75.82,7.13,5.83,0.75,2.27
598,Tomatoes Tear Drop,Nintendo Switch,1989,Sports,Gigashots,32.8,14.18,1.64,5.51,1.55
599,Tea - Orange Pekoe,Xbox One,1981,Sports,Leexo,15.79,23.74,6.49,7.68,3.16
600,Piping Jelly - All Colours,Nintendo Switch,2007,Shooter,Topiclounge,51.19,9.47,5.04,6.95,7.14
601,"Pork - Loin, Center Cut",Xbox One,2009,Shooter,Gigabox,53.75,3.82,2.07,10.41,9.51
602,"Pasta - Elbows, Macaroni, Dry",Xbox One,2001,Sports,Browseblab,55.13,28.61,9.7,7.1,1.99
603,Soup Campbells - Italian Wedding,PS4,1988,Action,Bubblemix,8.69,5.4,3.44,9.57,5.74
604,"Orange - Canned, Mandarin",Nintendo Switch,1983,Shooter,Agimba,75.81,17.47,9.44,5.39,8.81
605,Wine - Balbach Riverside,Xbox One,2019,Action,Rhynyx,53.86,23.28,6.34,7.62,10.35
606,Wine - Valpolicella Masi,PS4,1993,Shooter,Topicblab,63.26,1.98,0.42,4.13,8.28
607,Wine - Ruffino Chianti Classico,Nintendo Switch,2019,Shooter,Edgewire,12.66,4.38,5.9,6.36,6.78
608,"Pepper - White, Whole",Xbox One,2006,Sports,Dabtype,28.59,4.07,0.37,8.77,0.04
609,Lamb Tenderloin Nz Fr,PS4,2012,Shooter,Jabberbean,12.17,18.7,5.9,9.74,2.49
610,Nori Sea Weed,Nintendo Switch,2014,Shooter,Zoombeat,74.55,26.2,8.8,10.26,8.35
611,Appetizer - Cheese Bites,PS4,2021,Action,Izio,42.54,18.3,8.7,0.4,0.34
612,Sauce Tomato Pouch,Nintendo Switch,2007,Action,Edgetag,4.18,8.56,9.54,5.94,6.86
613,Flour - Fast / Rapid,Xbox One,1999,Sports,Mybuzz,55.81,1.29,3.61,9.18,1.38
614,Eggwhite Frozen,Xbox One,1985,Action,Kayveo,18.93,23.87,6.66,5.43,4.21
615,"Cherries - Bing, Canned",Xbox One,1991,Sports,Tagpad,80.09,11.78,2.73,7.34,10.46
616,Wiberg Cure,PS4,2014,Sports,Feedspan,77.76,15.17,2.08,6.8,7.51
617,"Bar Mix - Pina Colada, 355 Ml",PS4,1993,Action,Jabberbean,5.83,15.93,3.25,9.87,9.14
618,Cheese Cheddar Processed,Xbox One,2006,Action,Wikido,80.72,20.08,5.84,8.15,8.1
619,"Wine - White, French Cross",Xbox One,1983,Shooter,Reallinks,79.71,8.71,9.9,3.08,10.48
620,"Beans - Navy, Dry",Nintendo Switch,1980,Action,Roodel,79.72,19.83,0.18,8.12,1.0
621,Pastry - Baked Scones - Mini,Nintendo Switch,2006,Shooter,Lazz,34.11,20.98,7.23,10.09,4.11
622,Bread - Corn Muffaleta Onion,PS4,2010,Action,Brainbox,82.28,15.01,1.93,6.26,0.85
623,"Capon - Breast, Wing On",PS4,2008,Shooter,Tagfeed,64.87,0.1,6.73,3.6,0.16
624,Foil Wrap,Xbox One,2022,Shooter,Dynabox,32.94,9.17,2.36,9.83,0.17
625,Marjoram - Fresh,Nintendo Switch,1985,Sports,Yombu,1.84,9.58,9.35,1.6,6.43
626,"Tomatoes - Cherry, Yellow",Xbox One,2011,Action,Skajo,65.55,20.47,10.02,1.89,9.24
627,Bagel - Whole White Sesame,Xbox One,2001,Shooter,Quatz,52.24,24.92,2.7,9.71,2.45
628,Flour - Chickpea,Nintendo Switch,1985,Action,Riffwire,15.33,18.33,4.74,7.31,7.76
629,"Bread - Pita, Mini",PS4,1984,Shooter,Feedbug,51.8,16.76,10.05,0.65,1.25
630,Banana - Green,PS4,1988,Action,Skiba,47.72,6.87,0.64,0.2,7.35
631,Pork - Suckling Pig,Nintendo Switch,1999,Shooter,Dynabox,77.49,17.46,4.5,7.04,4.7
632,Caviar - Salmon,Xbox One,1991,Shooter,Eabox,75.97,4.41,9.69,4.62,7.11
633,Appetizer - Tarragon Chicken,PS4,2021,Shooter,Dabjam,22.88,19.67,6.77,4.22,8.16
634,"Wine - Red, Harrow Estates, Cab",Nintendo Switch,2006,Sports,Yakidoo,78.01,4.65,7.61,4.31,1.39
635,French Kiss Vanilla,Nintendo Switch,2015,Action,Shufflebeat,5.37,26.81,7.18,0.11,8.83
636,"Rum - Light, Captain Morgan",PS4,2007,Sports,Skiba,64.31,9.78,0.76,9.7,1.92
637,Squash - Sunburst,Xbox One,2010,Sports,Feedfire,41.68,10.95,7.22,1.82,9.85
638,"Tendrils - Baby Pea, Organic",PS4,2017,Sports,Aibox,20.58,27.45,8.71,2.15,8.0
639,Snails - Large Canned,Xbox One,1997,Sports,Gabcube,56.56,12.7,1.05,6.84,2.9
640,"Seedlings - Mix, Organic",PS4,1991,Action,Jetpulse,1.37,5.13,5.36,0.28,9.97
641,Beer - Camerons Cream Ale,PS4,1984,Shooter,Mita,80.72,26.79,4.97,8.66,8.28
642,"Wine - Red, Mosaic Zweigelt",Nintendo Switch,1983,Sports,Fivebridge,79.74,11.18,4.07,0.5,7.48
643,"Wine - Red, Pinot Noir, Chateau",Xbox One,1985,Sports,Yombu,43.21,11.89,5.48,7.04,0.47
644,Bacardi Limon,Xbox One,2004,Sports,Viva,42.3,14.55,5.08,7.11,4.04
645,Wine - Kwv Chenin Blanc South,PS4,2018,Shooter,Voonte,67.32,8.66,8.8,9.25,8.91
646,Flax Seed,Nintendo Switch,2015,Shooter,Aivee,77.28,28.82,3.92,9.0,3.89
647,Bread - Raisin Walnut Pull,Nintendo Switch,1990,Sports,Meevee,72.78,22.44,9.23,4.35,3.17
648,"Cheese - Brie,danish",PS4,2013,Action,Wordtune,14.15,8.52,0.38,9.02,8.9
649,Cheese - Feta,Xbox One,2013,Action,Eazzy,17.5,24.83,8.0,6.31,5.64
650,"Ranchero - Primerba, Paste",Xbox One,1985,Action,Blogpad,63.01,3.01,4.37,5.76,5.22
651,Dooleys Toffee,Xbox One,2014,Action,Twitternation,51.92,16.2,7.93,7.37,10.53
652,Fork - Plastic,Nintendo Switch,1998,Shooter,Meevee,8.86,13.83,3.69,7.76,4.62
653,"Artichoke - Bottom, Canned",PS4,1988,Shooter,Skibox,35.25,14.01,1.14,1.83,6.44
654,Bok Choy - Baby,Nintendo Switch,2003,Action,Jetpulse,72.6,14.42,3.49,2.8,2.84
655,Bread - Wheat Baguette,Xbox One,1983,Action,Brainverse,12.14,12.84,9.52,7.29,8.24
656,Vinegar - White Wine,Nintendo Switch,2007,Sports,Browsetype,19.59,17.78,9.13,0.66,4.22
657,Lamb Shoulder Boneless Nz,Xbox One,2016,Shooter,Skimia,48.02,17.12,0.71,6.95,10.34
658,Artichoke - Fresh,PS4,2008,Sports,Realblab,68.15,5.06,8.53,10.29,1.07
659,Hinge W Undercut,PS4,1995,Action,Geba,24.02,5.79,4.33,2.95,6.55
660,Apricots - Dried,Nintendo Switch,2021,Action,Skipstorm,7.97,2.75,6.99,0.34,6.66
661,Tomatoes - Heirloom,PS4,2013,Action,Voomm,30.15,19.51,4.57,6.9,6.84
662,Teriyaki Sauce,Xbox One,1994,Sports,Voomm,42.26,12.53,9.9,2.56,8.69
663,"Veal - Inside, Choice",Xbox One,1987,Shooter,Bubbletube,71.5,8.08,6.48,2.02,2.35
664,"Soup - Campbells, Cream Of",Xbox One,2015,Sports,Gigaclub,48.11,8.9,0.34,0.42,10.49
665,Wine - Barolo Fontanafredda,PS4,1986,Action,Edgepulse,6.54,9.81,9.32,7.87,7.68
666,"Vermacelli - Sprinkles, Assorted",Xbox One,2000,Action,JumpXS,42.97,4.35,3.17,5.17,6.57
667,Wine - Red Oakridge Merlot,PS4,2008,Action,Vimbo,81.28,12.0,3.6,7.97,8.06
668,Paper Towel Touchless,PS4,2018,Action,Kwimbee,59.71,10.93,8.62,0.77,3.97
669,Turkey Leg With Drum And Thigh,Nintendo Switch,1985,Sports,Quimm,52.3,20.11,5.16,3.52,7.5
670,"Cheese - Brie, Triple Creme",PS4,2005,Sports,Trilith,64.18,19.95,2.31,6.44,4.57
671,Munchies Honey Sweet Trail Mix,PS4,2004,Shooter,Flashpoint,48.06,13.1,1.62,8.7,2.01
672,Horseradish - Prepared,Nintendo Switch,2022,Sports,Blognation,8.89,4.36,4.13,8.23,0.49
673,Soup Campbells Mexicali Tortilla,Nintendo Switch,1981,Action,Talane,40.22,27.23,9.68,6.27,4.8
674,Sugar - Splenda Sweetener,Xbox One,2010,Shooter,Brightbean,62.35,26.29,4.49,4.02,4.07
675,Kellogs Raisan Bran Bars,Xbox One,2009,Shooter,Yacero,33.97,25.22,5.74,4.31,0.35
676,Tilapia - Fillets,PS4,1995,Action,Brightbean,63.07,13.49,6.25,4.15,9.75
677,"Sparkling Wine - Rose, Freixenet",Xbox One,2019,Sports,Gabtune,23.91,17.05,9.33,0.02,5.22
678,English Muffin,Nintendo Switch,1995,Sports,Flashset,60.79,5.05,5.74,5.21,9.86
679,Pastry - Cherry Danish - Mini,Xbox One,2014,Shooter,Zazio,8.93,28.65,2.13,0.56,2.68
680,Basil - Seedlings Cookstown,Nintendo Switch,1986,Action,Shuffletag,54.87,25.8,9.85,4.01,3.18
681,V8 - Berry Blend,Xbox One,1982,Sports,Roombo,43.82,17.57,0.43,2.2,9.45
682,Scallop - St. Jaques,PS4,2014,Action,Youspan,36.98,20.89,2.49,6.73,9.95
683,Beer - Upper Canada Lager,PS4,2005,Sports,Quinu,41.2,23.65,4.56,2.16,4.81
684,Soup - Campbells - Tomato,Xbox One,2009,Sports,Photobean,46.13,12.48,3.68,0.46,8.26
685,"Oil - Olive, Extra Virgin",PS4,2002,Sports,Kwilith,44.78,13.61,3.57,5.59,7.02
686,Steam Pan Full Lid,PS4,2022,Action,Vimbo,24.59,6.61,7.52,2.16,5.94
687,Bread - Corn Muffaleta Onion,Nintendo Switch,2018,Sports,Dablist,4.33,14.3,9.83,7.14,0.03
688,Pepper - Red Chili,PS4,2017,Sports,Yakidoo,22.91,0.4,2.13,5.62,4.58
689,Chips Potato Reg 43g,Nintendo Switch,2001,Shooter,Rhyloo,52.24,22.91,5.97,10.3,8.38
690,Bagelers,PS4,1981,Sports,Divavu,38.3,28.54,9.67,4.96,5.33
691,Broom - Angled,Nintendo Switch,2003,Shooter,Brainsphere,52.71,5.76,4.11,4.12,9.47
692,"Wine - Magnotta, Merlot Sr Vqa",Xbox One,1990,Shooter,Shuffletag,21.7,22.27,3.31,10.05,0.91
693,Kirsch - Schloss,Xbox One,2018,Shooter,Jaxnation,40.19,8.53,1.01,8.07,7.91
694,"Lemonade - Black Cherry, 591 Ml",Nintendo Switch,2007,Shooter,Dynabox,15.84,1.45,0.91,4.28,0.05
695,Barramundi,PS4,2002,Action,Roomm,45.55,18.03,1.38,4.67,5.78
696,Island Oasis - Sweet And Sour Mix,Xbox One,2011,Action,Oyondu,27.13,6.31,0.88,3.29,3.38
697,Snapple - Iced Tea Peach,PS4,1981,Shooter,Kwinu,38.72,13.18,6.11,7.25,8.03
698,Sugar - Individual Portions,PS4,2015,Sports,Meevee,16.45,21.55,9.7,2.68,2.27
699,Bread Ww Cluster,PS4,2014,Sports,Yodel,62.14,12.89,2.07,0.76,4.9
700,Tea - Orange Pekoe,Nintendo Switch,1989,Action,Realcube,67.73,20.35,0.97,0.65,7.55
701,"Wine - Red, Cabernet Sauvignon",Nintendo Switch,2018,Sports,Yoveo,7.5,26.27,7.39,6.84,0.06
702,Jello - Assorted,PS4,2002,Shooter,Centimia,21.38,2.11,4.12,2.82,6.02
703,Molasses - Fancy,Nintendo Switch,1985,Action,Twitterworks,63.42,5.96,5.25,10.1,9.23
704,Lettuce - Baby Salad Greens,Nintendo Switch,1994,Sports,Talane,68.91,13.09,0.88,9.45,1.36
705,Lamb - Ground,Xbox One,2007,Shooter,Geba,27.36,14.4,3.63,1.61,7.58
706,Scallops - U - 10,Xbox One,1982,Action,Photobug,78.03,15.67,3.04,3.7,0.47
707,"Wine - Red, Mosaic Zweigelt",Xbox One,1983,Action,Bluezoom,49.73,1.94,1.59,8.14,4.6
708,Pomello,PS4,1992,Sports,Edgepulse,10.12,20.19,5.32,10.55,3.65
709,Wine - Riesling Alsace Ac 2001,Xbox One,1992,Shooter,Voonix,31.79,18.8,9.46,6.45,4.8
710,Cheese - Grie Des Champ,Xbox One,2009,Action,Edgeblab,41.21,2.73,7.96,1.21,9.7
711,Beef - Top Sirloin,Nintendo Switch,1994,Shooter,Kare,22.52,6.95,8.32,3.68,2.59
712,Sage Derby,Nintendo Switch,2013,Shooter,Jazzy,82.68,10.2,5.06,3.01,2.19
713,"Pineapple - Canned, Rings",Xbox One,2022,Sports,Yamia,47.77,4.88,2.48,8.22,9.47
714,Wine - Casillero Del Diablo,PS4,1995,Shooter,Twinder,20.9,11.92,3.89,0.3,4.95
715,Bread - Raisin Walnut Oval,PS4,2003,Shooter,Topiclounge,1.08,4.58,3.9,6.05,2.48
716,Banana,Xbox One,2012,Action,Topicware,4.78,4.42,9.77,3.0,1.29
717,Oil - Olive,Nintendo Switch,1985,Shooter,Livetube,68.04,3.13,9.67,7.59,2.62
718,Puree - Raspberry,PS4,1988,Sports,Eidel,65.41,15.15,3.09,7.15,6.54
719,Kolrabi,PS4,1992,Shooter,Skinte,67.21,11.81,2.4,1.4,7.08
720,Langers - Cranberry Cocktail,Nintendo Switch,1988,Sports,Blogtags,68.22,21.89,7.87,1.75,1.83
721,Wine - Sicilia Igt Nero Avola,PS4,1981,Shooter,Innotype,43.29,18.17,10.11,6.6,8.76
722,Wine - Sake,Xbox One,1985,Sports,Quimm,32.07,23.27,1.1,2.11,0.37
723,Kale - Red,PS4,2000,Shooter,Omba,69.96,7.77,9.06,10.48,0.65
724,Butter Sweet,Xbox One,1987,Action,Izio,0.47,28.43,4.7,6.15,1.11
725,Tomatillo,Nintendo Switch,2020,Action,Kwideo,68.56,5.17,4.26,2.41,8.26
726,"Trout - Rainbow, Frozen",PS4,1984,Action,Shuffletag,12.26,20.03,9.39,7.92,3.71
727,"Doilies - 8, Paper",Xbox One,1994,Shooter,Skinder,2.9,15.71,9.68,4.2,8.92
728,Pork - Side Ribs,Nintendo Switch,1994,Sports,Browsecat,34.18,4.47,2.52,10.42,6.22
729,Kirsch - Schloss,PS4,2001,Action,Camido,57.02,23.02,8.66,1.81,1.8
730,Wine - Prosecco Valdobiaddene,Xbox One,1982,Sports,Tagfeed,61.41,23.99,7.0,3.84,2.34
731,Tea - Orange Pekoe,Nintendo Switch,2021,Action,Realmix,48.5,9.41,4.8,2.6,5.12
732,"Lamb - Whole Head Off,nz",PS4,2005,Action,Aimbu,35.42,16.46,1.61,8.61,5.87
733,Rice - Aborio,Nintendo Switch,2008,Shooter,Gabspot,68.23,22.17,8.77,3.67,9.42
734,Tart - Raisin And Pecan,Xbox One,2005,Shooter,Tazzy,54.18,13.84,7.33,4.13,0.69
735,Lobster - Tail 6 Oz,PS4,2021,Shooter,BlogXS,81.13,0.17,1.64,4.91,10.36
736,Grapes - Green,PS4,1987,Sports,Edgetag,11.86,12.77,9.02,8.22,9.58
737,Tarragon - Fresh,Nintendo Switch,1981,Sports,Kanoodle,51.99,21.8,3.17,6.64,10.43
738,Butter - Unsalted,Xbox One,2020,Shooter,Jabbersphere,49.9,10.39,1.7,1.65,8.3
739,Fuji Apples,Nintendo Switch,2001,Shooter,Fivespan,46.14,20.48,2.52,4.18,5.25
740,Momiji Oroshi Chili Sauce,PS4,1986,Sports,Edgeblab,59.82,5.68,8.08,9.9,5.21
741,Trout Rainbow Whole,PS4,1992,Action,Jayo,54.2,26.09,9.16,8.82,0.03
742,Wine - Niagara Peninsula Vqa,Nintendo Switch,2002,Sports,Bubblemix,37.72,24.13,2.09,9.64,6.43
743,Ice Cream - Strawberry,PS4,1986,Action,Jetpulse,55.14,26.99,2.4,6.46,5.63
744,Steampan - Foil,PS4,1980,Shooter,Kare,13.0,28.7,3.99,9.84,8.77
745,Chevere Logs,Nintendo Switch,1986,Sports,Skippad,33.35,10.71,9.23,7.68,5.57
746,"Mushroom - Morels, Dry",Xbox One,1989,Sports,Chatterpoint,0.25,17.81,8.5,8.0,8.39
747,Grapefruit - Pink,Nintendo Switch,1984,Action,Oozz,72.22,0.09,4.33,9.06,9.93
748,"Crab - Back Fin Meat, Canned",Nintendo Switch,1999,Shooter,Teklist,15.02,15.28,8.08,4.64,4.73
749,Water - San Pellegrino,PS4,2004,Sports,Thoughtbridge,73.54,3.6,7.62,4.81,4.85
750,Bar Nature Valley,Nintendo Switch,2007,Sports,Thoughtmix,20.72,9.01,6.86,7.38,9.49
751,Soup - Campbells Chili,Xbox One,1988,Shooter,Fivechat,5.89,14.26,4.03,3.38,10.53
752,Dates,Nintendo Switch,2018,Sports,Tagchat,64.32,7.0,6.78,2.6,9.41
753,Arizona - Green Tea,Xbox One,2006,Action,Bluejam,17.91,28.87,7.11,4.07,5.22
754,Olives - Nicoise,Xbox One,1987,Shooter,Eare,75.04,23.05,4.5,6.5,1.86
755,Cake - Lemon Chiffon,PS4,2021,Action,Oba,1.17,14.45,3.06,3.44,7.07
756,Milk - 1%,PS4,2001,Sports,Mymm,35.33,17.46,3.53,0.55,8.49
757,"Nut - Peanut, Roasted",PS4,2004,Shooter,Jayo,11.52,17.89,8.38,5.71,0.9
758,Bread Fig And Almond,PS4,1982,Sports,Mydeo,9.78,21.26,9.24,9.69,3.05
759,Tuna - Sushi Grade,Nintendo Switch,1984,Action,Vitz,55.7,1.41,3.98,0.49,4.55
760,Cookie - Oatmeal,Nintendo Switch,2021,Shooter,Midel,24.25,17.01,6.65,9.95,7.22
761,Pasta - Canelloni,Xbox One,1993,Shooter,Kaymbo,64.2,19.98,3.06,5.65,6.43
762,V8 Pet,Xbox One,1980,Sports,Gabcube,52.03,11.83,6.75,1.64,4.12
763,Basil - Seedlings Cookstown,Nintendo Switch,2012,Shooter,Gabtune,14.75,11.44,8.3,9.01,10.15
764,Cheese - Mozzarella,Nintendo Switch,1992,Sports,Oyoba,10.47,4.43,0.23,8.76,1.9
765,"Croissant, Raw - Mini",Nintendo Switch,1989,Sports,Oba,65.51,15.75,9.41,5.9,4.44
766,Yams,Xbox One,2021,Action,Voonix,34.92,15.81,0.71,7.41,5.38
767,Molasses - Fancy,PS4,1988,Action,Trudoo,28.56,15.65,3.11,10.0,0.62
768,Guinea Fowl,Xbox One,1989,Action,Gigaclub,63.86,18.1,0.21,8.79,8.21
769,Strawberries - California,PS4,2002,Sports,Dablist,8.28,16.36,8.67,9.01,7.27
770,Chocolate - Milk,PS4,2010,Shooter,Yamia,46.24,14.0,7.49,7.17,3.71
771,Wine - Soave Folonari,Nintendo Switch,1998,Shooter,Aimbo,34.02,11.05,2.29,5.44,4.22
772,Wine - Two Oceans Sauvignon,PS4,2007,Action,Pixonyx,5.11,25.71,9.45,4.61,4.74
773,"Beans - Kidney, Canned",PS4,1989,Action,Trilith,0.14,15.44,5.16,1.85,8.14
774,Cheese - Bakers Cream Cheese,PS4,1989,Sports,Jabbercube,13.92,8.02,2.7,0.62,8.0
775,"Basil - Dry, Rubbed",PS4,1994,Action,Jaxbean,71.42,1.63,2.51,6.32,9.46
776,Pop Shoppe Cream Soda,Xbox One,2007,Shooter,Jabbercube,13.19,25.6,9.2,2.19,2.86
777,"Chilli Paste, Hot Sambal Oelek",Xbox One,1994,Sports,Edgeclub,3.07,7.31,8.57,0.55,6.15
778,"Pepper - Paprika, Hungarian",Nintendo Switch,1993,Sports,Feedbug,54.42,26.13,9.18,4.62,4.93
779,Sugar - Cubes,PS4,1986,Shooter,Devshare,42.98,22.07,6.03,5.23,0.25
780,"Rum - Cream, Amarula",Nintendo Switch,2016,Shooter,Photolist,64.34,17.43,5.55,4.17,1.07
781,Bread - Wheat Baguette,Nintendo Switch,1996,Sports,Eazzy,75.5,9.54,8.88,8.62,6.05
782,Cheese - Victor Et Berthold,Xbox One,1989,Action,Skinix,73.44,12.85,8.57,0.5,4.31
783,Appetizer - Asian Shrimp Roll,Nintendo Switch,2014,Shooter,Zoomdog,27.1,8.45,2.15,6.2,0.52
784,Maple Syrup,PS4,2008,Shooter,Eazzy,58.03,23.77,8.84,4.07,1.39
785,Chicken - Livers,PS4,1980,Action,Cogilith,39.52,3.23,7.87,10.03,5.57
786,Pork - Ground,Xbox One,2019,Shooter,Quamba,52.96,24.95,5.81,4.49,6.55
787,Wine - Ej Gallo Sierra Valley,PS4,2020,Shooter,Shuffledrive,54.73,25.14,3.83,6.76,0.69
788,Raisin - Dark,Nintendo Switch,2021,Action,Vidoo,16.3,22.48,2.72,2.14,1.43
789,Higashimaru Usukuchi Soy,Nintendo Switch,2000,Action,Kare,20.58,26.73,3.08,0.45,4.34
790,Chocolate - Compound Coating,Nintendo Switch,2005,Shooter,Rhyzio,72.91,7.28,2.46,0.7,0.75
791,Cheese - Parmesan Cubes,Xbox One,2013,Action,Youspan,31.03,2.95,8.38,1.55,5.88
792,Wine - Rubyport,Xbox One,2014,Sports,Avamba,4.51,11.54,0.23,7.83,2.72
793,Cheese - Provolone,Nintendo Switch,1991,Action,Twitterlist,33.03,0.39,6.32,0.9,9.58
794,Pastry - Key Limepoppy Seed Tea,Xbox One,1994,Shooter,Shufflebeat,15.12,10.41,5.67,6.28,3.89
795,Lid Coffeecup 12oz D9542b,PS4,2016,Sports,Reallinks,2.01,3.89,6.01,1.94,0.26
796,"Ice - Clear, 300 Lb For Carving",PS4,1980,Action,Vitz,20.29,21.35,6.25,4.42,2.02
797,Salt And Pepper Mix - Black,PS4,2001,Shooter,Innojam,23.74,14.17,4.61,9.56,0.85
798,Beef - Prime Rib Aaa,Xbox One,2007,Sports,Babbleblab,54.26,8.48,9.39,2.11,5.83
799,Sour Cream,PS4,2001,Action,Eadel,2.11,10.62,2.12,8.38,4.28
800,Steampan Lid,Nintendo Switch,2011,Action,Tagcat,61.77,22.53,8.86,3.39,6.04
801,"Salmon - Smoked, Sliced",Xbox One,2019,Shooter,Camimbo,34.19,17.33,9.52,7.06,2.88
802,Ezy Change Mophandle,PS4,1997,Action,Quatz,68.69,20.32,0.81,3.8,2.97
803,Wine - Sake,PS4,2019,Shooter,Jabbercube,14.45,12.5,1.69,3.41,1.17
804,Worcestershire Sauce,Nintendo Switch,2012,Shooter,Ntag,75.63,15.69,6.66,9.45,4.52
805,Wine - Ruffino Chianti Classico,PS4,1992,Sports,Gigabox,66.51,13.13,9.8,5.63,4.44
806,Pails With Lids,PS4,1996,Shooter,Janyx,27.49,5.08,5.15,5.4,7.82
807,Vol Au Vents,Nintendo Switch,2020,Shooter,Demizz,68.53,2.79,1.97,1.49,7.93
808,Kellogs Special K Cereal,Nintendo Switch,2007,Shooter,Edgeclub,79.0,19.02,7.3,7.14,2.56
809,"Liqueur Banana, Ramazzotti",Xbox One,2014,Sports,Tagchat,39.17,11.48,5.63,8.75,4.94
810,"Appetizer - Spring Roll, Veg",Nintendo Switch,1989,Shooter,Topiczoom,79.73,8.1,0.96,8.94,9.01
811,Truffle Shells - Semi - Sweet,Xbox One,1986,Sports,Thoughtblab,64.76,10.52,3.89,9.09,3.15
812,Steam Pan - Half Size Deep,PS4,1991,Action,Oyondu,60.07,18.33,5.41,4.26,9.2
813,Flower - Dish Garden,Nintendo Switch,1993,Sports,Bubbletube,53.36,6.51,10.06,2.64,6.31
814,"Garlic - Primerba, Paste",Nintendo Switch,2002,Shooter,Youtags,32.58,3.27,9.17,5.49,9.72
815,Apple - Fuji,Nintendo Switch,1999,Action,Gigazoom,61.52,14.76,5.14,8.65,3.37
816,Oil - Grapeseed Oil,PS4,1985,Sports,Fatz,56.42,21.26,5.62,6.25,0.72
817,Creme De Banane - Marie,Nintendo Switch,1992,Action,Leenti,64.57,25.77,7.63,1.33,1.42
818,Tumeric,Xbox One,2022,Shooter,Dabtype,10.45,3.71,5.94,4.07,2.65
819,Chocolate - Mi - Amere Semi,Nintendo Switch,1996,Shooter,Dabtype,79.68,6.65,10.06,4.31,3.66
820,Table Cloth 62x120 Colour,PS4,2011,Sports,Chatterpoint,65.71,15.19,6.46,6.32,5.88
821,Pork - Inside,PS4,2003,Shooter,Katz,3.27,10.79,1.31,6.2,5.49
822,Dill Weed - Dry,Nintendo Switch,1998,Sports,Dabtype,25.85,10.65,8.47,7.49,3.47
823,Pepper - Red Bell,Xbox One,2010,Shooter,Flipbug,51.29,12.65,4.81,9.64,9.62
824,Table Cloth 144x90 White,Xbox One,1983,Shooter,Zoombox,79.48,21.46,6.62,3.89,1.57
825,Puff Pastry - Slab,PS4,1981,Sports,Wordware,77.24,10.94,9.67,7.4,3.97
826,Wine - Chenin Blanc K.w.v.,PS4,2002,Shooter,Kwimbee,16.48,9.27,0.21,5.35,4.31
827,Beer - Blue,PS4,1998,Shooter,InnoZ,58.52,21.49,9.68,0.29,9.58
828,Baking Soda,Nintendo Switch,2018,Sports,Eimbee,35.29,16.17,8.29,10.31,6.13
829,Bagel - Everything,Nintendo Switch,1991,Action,Omba,25.71,12.84,4.7,4.53,0.94
830,Potatoes - Peeled,Xbox One,2012,Shooter,Tagfeed,15.78,5.38,7.57,2.55,1.74
831,Garlic - Elephant,PS4,1990,Action,Devcast,68.88,7.65,2.95,10.07,4.77
832,Tofu - Firm,Nintendo Switch,1993,Shooter,Voolith,79.09,5.46,1.17,6.3,6.97
833,Creamers - 10%,Nintendo Switch,1987,Action,Livefish,17.37,27.11,7.66,10.55,7.16
834,Chocolate - Mi - Amere Semi,Nintendo Switch,2016,Action,Jaloo,7.44,9.9,9.2,1.91,2.56
835,Kolrabi,Xbox One,2012,Action,Ntags,72.33,13.98,6.41,7.81,5.66
836,Cheese - Ermite Bleu,Xbox One,1988,Sports,Jetwire,69.82,2.65,6.0,4.63,6.0
837,Phyllo Dough,Nintendo Switch,2008,Sports,Livetube,56.92,4.17,0.14,2.82,9.68
838,Cake - Mini Potato Pancake,Xbox One,2015,Action,Rhynyx,23.21,3.61,2.89,0.76,3.92
839,Pork Loin Bine - In Frenched,Xbox One,1998,Sports,Avavee,81.39,26.02,9.91,10.29,1.75
840,"Wine - White, French Cross",Xbox One,1988,Shooter,Gevee,16.99,22.63,4.55,4.24,4.66
841,Tomatoes Tear Drop,PS4,2021,Sports,Kamba,68.25,7.94,6.19,2.76,0.34
842,Sauce - Salsa,Xbox One,1985,Sports,Yacero,32.8,24.61,7.58,7.96,4.59
843,Beef - Eye Of Round,Nintendo Switch,2015,Shooter,Geba,39.36,18.32,2.27,5.04,8.83
844,Tea - Decaf 1 Cup,Xbox One,1997,Sports,Skiptube,62.65,2.26,0.86,2.7,6.28
845,Coffee Caramel Biscotti,PS4,1997,Action,Centizu,47.4,20.13,5.93,2.97,6.44
846,Oil - Peanut,Nintendo Switch,1984,Shooter,Wikizz,38.93,3.46,8.61,5.55,4.59
847,Cheese Cloth No 60,PS4,2009,Shooter,Jazzy,66.31,16.99,2.98,7.13,0.97
848,Pie Box - Cello Window 2.5,Nintendo Switch,1990,Shooter,Brightbean,76.7,26.22,7.19,8.47,7.96
849,Potatoes - Parissienne,Xbox One,1993,Shooter,Kazio,79.83,7.77,2.44,0.45,4.77
850,"Syrup - Monin, Amaretta",Xbox One,2012,Action,Dabshots,25.37,24.01,2.79,3.94,5.84
851,Flour - Whole Wheat,PS4,1989,Action,Meeveo,57.22,18.27,2.45,5.44,8.01
852,Milk 2% 500 Ml,PS4,1994,Shooter,Bubbletube,32.01,19.57,5.41,7.53,4.08
853,Grand Marnier,Xbox One,1992,Sports,JumpXS,19.78,0.6,6.32,0.74,1.87
854,Bread Base - Toscano,Xbox One,2017,Action,Wordpedia,55.57,0.29,8.97,0.96,6.16
855,Dc - Frozen Momji,Xbox One,1987,Shooter,Eire,82.0,7.45,6.17,9.1,4.63
856,"Vodka - Hot, Lnferno",Nintendo Switch,2008,Shooter,Quaxo,10.96,0.16,1.12,9.34,10.39
857,Juice - Cranberry 284ml,Nintendo Switch,2011,Sports,Rhybox,53.68,28.93,0.94,2.93,3.35
858,Wine - Domaine Boyar Royal,Xbox One,2008,Sports,Dynabox,25.88,5.19,6.11,3.76,4.22
859,Pastry - Carrot Muffin - Mini,Xbox One,2004,Shooter,Jabberstorm,76.38,28.19,6.51,7.54,3.29
860,Wine La Vielle Ferme Cote Du,Xbox One,1989,Shooter,Flipbug,46.45,26.03,1.51,10.5,10.4
861,Bread Crumbs - Panko,Xbox One,1983,Shooter,Linklinks,81.5,2.75,7.56,3.44,7.22
862,"Spoon - Soup, Plastic",Xbox One,2018,Sports,Centimia,13.97,24.02,3.89,5.31,5.47
863,Oil - Peanut,PS4,2004,Action,Tambee,26.55,9.47,1.54,6.37,0.32
864,Sprite - 355 Ml,PS4,2010,Shooter,Katz,18.3,19.18,4.73,6.58,9.2
865,Toamtoes 6x7 Select,PS4,1990,Sports,Oozz,68.27,28.57,0.44,2.74,0.01
866,"Lid - Translucent, 3.5 And 6 Oz",Nintendo Switch,2001,Shooter,Devpulse,77.09,12.55,8.87,6.29,7.58
867,Wine - German Riesling,PS4,2008,Sports,Skiptube,5.34,18.6,8.81,7.74,7.6
868,"Pepper - Julienne, Frozen",Nintendo Switch,1985,Action,Twitterwire,22.81,13.61,10.03,4.6,8.47
869,Wine - Fat Bastard Merlot,PS4,2016,Sports,Shuffletag,81.0,23.37,9.87,7.76,0.97
870,Bread Base - Toscano,Xbox One,2022,Action,Jayo,50.28,3.9,4.44,7.64,1.46
871,"Wine - White, Gewurtzraminer",Xbox One,2016,Sports,Meetz,6.23,24.06,0.43,4.14,3.11
872,"Yogurt - Cherry, 175 Gr",Xbox One,1996,Action,Vinte,46.2,29.0,7.56,9.15,9.54
873,Bread - Onion Focaccia,PS4,2020,Shooter,Yadel,72.7,15.8,8.36,8.02,10.15
874,Crab - Soft Shell,Xbox One,2014,Shooter,Realpoint,53.08,9.22,3.92,8.06,4.81
875,Limes,PS4,1992,Shooter,Gigashots,11.56,23.01,2.97,8.22,9.73
876,"Pasta - Cannelloni, Sheets, Fresh",PS4,2005,Shooter,Bubbletube,16.48,10.48,2.97,6.74,0.83
877,"Sauce - Gravy, Au Jus, Mix",PS4,1995,Shooter,Zoomdog,4.28,19.88,4.65,7.18,1.25
878,Chicken - Leg / Back Attach,Nintendo Switch,2007,Shooter,Jaxnation,29.86,7.32,6.87,8.43,7.55
879,Beer - Muskoka Cream Ale,PS4,1984,Action,Myworks,25.76,3.71,0.55,8.3,10.12
880,Soup - French Onion,Nintendo Switch,2005,Sports,Centidel,10.99,21.72,1.47,5.21,2.31
881,"Nut - Hazelnut, Ground, Natural",Xbox One,1982,Action,Mydeo,46.67,18.55,4.19,0.15,8.83
882,"Placemat - Scallop, White",Nintendo Switch,1987,Shooter,Tekfly,67.96,7.03,4.43,1.2,2.26
883,Orange - Tangerine,PS4,2004,Shooter,Twinder,56.9,11.56,8.58,1.67,8.09
884,Bag - Regular Kraft 20 Lb,Nintendo Switch,1981,Sports,Wikivu,59.12,5.1,8.55,6.39,9.91
885,Syrup - Monin - Blue Curacao,Nintendo Switch,1984,Sports,Thoughtblab,78.4,5.31,1.74,10.49,0.71
886,Sprouts - Alfalfa,PS4,1992,Sports,Wordify,60.73,14.44,8.84,6.41,7.28
887,Wine - Jafflin Bourgongone,Xbox One,2017,Sports,Abatz,6.67,23.38,3.67,5.39,8.31
888,Chinese Foods - Pepper Beef,Xbox One,1993,Sports,Gigaclub,11.71,8.88,5.16,2.53,2.93
889,Bowl 12 Oz - Showcase 92012,Nintendo Switch,1993,Sports,Fivespan,67.61,2.47,0.86,9.03,4.81
890,Pumpkin - Seed,Nintendo Switch,1998,Sports,Centidel,52.76,7.87,9.35,7.47,4.55
891,Curry Powder,Xbox One,1990,Shooter,Twitterbeat,17.22,16.43,8.44,2.0,4.71
892,Lotus Leaves,Xbox One,2011,Shooter,Flashspan,7.48,15.12,2.27,2.21,7.13
893,Nantucket - 518ml,PS4,1992,Action,Twimbo,16.35,16.59,0.56,8.81,10.09
894,"Pasta - Bauletti, Chicken White",Xbox One,2020,Sports,Eazzy,57.04,0.21,3.26,0.88,5.39
895,"Juice - Tomato, 10 Oz",Xbox One,2016,Action,Gabcube,33.64,5.62,2.53,3.05,3.7
896,Wine - Clavet Saint Emilion,Xbox One,2021,Action,Dynazzy,66.04,3.83,8.63,3.46,6.08
897,Wine - Lou Black Shiraz,Nintendo Switch,1987,Shooter,Blognation,6.48,10.18,9.42,7.96,10.15
898,Cookies Oatmeal Raisin,Xbox One,2000,Sports,Babblestorm,63.99,13.73,2.73,8.52,0.32
899,Cookie - Oreo 100x2,PS4,2010,Sports,Skyndu,34.7,8.87,4.74,2.67,5.14
900,Calvados - Boulard,Xbox One,1987,Action,Feedfish,4.8,15.05,6.73,7.92,6.54
901,Chinese Foods - Cantonese,Xbox One,2003,Sports,Leenti,1.9,6.42,3.16,9.19,10.44
902,"Shrimp, Dried, Small / Lb",Nintendo Switch,2012,Action,Skyba,21.0,3.61,2.43,5.38,4.24
903,Rolled Oats,Xbox One,2013,Sports,Zoomcast,17.25,10.18,2.04,8.2,3.02
904,Cheese - Brick With Onion,Xbox One,2005,Sports,Wordpedia,48.96,19.15,4.03,0.72,3.78
905,Sprouts - Pea,Nintendo Switch,2011,Sports,Twitterwire,34.81,22.27,5.83,5.0,4.79
906,Pepper - Chilli Seeds Mild,Xbox One,2021,Shooter,Flipopia,25.65,1.92,0.17,5.96,3.98
907,Yogurt - Plain,Nintendo Switch,1987,Sports,Twinte,54.36,7.25,6.08,1.95,2.99
908,Alize Sunset,Xbox One,1992,Shooter,Einti,35.7,3.38,4.32,9.76,3.71
909,Juice - Ocean Spray Kiwi,Nintendo Switch,1987,Shooter,Avaveo,10.15,15.03,2.26,10.34,0.26
910,"Placemat - Scallop, White",PS4,2006,Action,Skiptube,11.74,21.81,8.24,8.07,6.56
911,Fork - Plastic,PS4,1993,Shooter,Skipfire,12.88,28.81,10.0,7.8,9.23
912,Wine - Marlbourough Sauv Blanc,Nintendo Switch,1992,Sports,DabZ,33.76,22.86,4.96,7.73,7.07
913,Coffee - French Vanilla Frothy,Nintendo Switch,2019,Shooter,Shuffletag,59.86,3.39,4.99,9.17,8.01
914,Cookies - Englishbay Chochip,Xbox One,2018,Shooter,Dablist,29.96,10.79,7.83,2.43,2.94
915,Thyme - Dried,PS4,2015,Action,Trilith,66.6,26.44,5.37,7.09,3.23
916,Mangostein,Xbox One,2007,Sports,Wikizz,80.07,19.72,7.71,4.04,7.0
917,Cup - Translucent 7 Oz Clear,Xbox One,2000,Action,Blogspan,31.83,10.93,7.64,2.43,8.57
918,Ecolab - Mikroklene 4/4 L,Nintendo Switch,2021,Action,Photospace,40.49,26.79,0.55,2.18,8.44
919,Wine - Clavet Saint Emilion,Xbox One,2011,Action,Zoozzy,39.29,4.26,7.84,9.61,8.15
920,Chips - Assorted,PS4,2012,Shooter,Flashset,79.98,19.77,8.12,7.17,6.13
921,Icecream Bar - Del Monte,Nintendo Switch,2019,Shooter,Oloo,76.94,7.04,1.64,8.39,1.15
922,Flower - Leather Leaf Fern,PS4,1987,Action,Roombo,35.95,13.14,4.21,3.03,0.23
923,Coffee - Almond Amaretto,Nintendo Switch,2012,Sports,Fivebridge,17.63,8.3,3.07,6.9,7.95
924,Galliano,Xbox One,2014,Action,Linktype,15.44,7.39,5.89,3.58,3.45
925,"Yogurt - Banana, 175 Gr",Nintendo Switch,1993,Action,Centizu,82.03,16.1,7.84,3.75,7.57
926,Soup - Boston Clam Chowder,Xbox One,2008,Sports,Realcube,23.85,20.32,0.13,8.62,0.07
927,"Iced Tea - Lemon, 460 Ml",PS4,2007,Shooter,Oyondu,79.37,19.71,2.54,0.89,8.85
928,Creamers - 10%,Xbox One,2006,Action,Rhyloo,76.92,17.98,9.79,5.87,4.75
929,Tequila - Sauza Silver,PS4,1999,Action,Photospace,17.34,0.86,7.74,6.64,8.22
930,Wine - Gewurztraminer Pierre,Nintendo Switch,1982,Action,Fivechat,39.46,11.72,7.41,10.38,4.13
931,Bagels Poppyseed,PS4,1984,Sports,Fivespan,0.55,11.8,6.99,8.32,4.24
932,"Pepsi - Diet, 355 Ml",PS4,1999,Shooter,Dablist,20.81,20.33,9.92,8.33,3.32
933,Cheese - Pied De Vents,Xbox One,1989,Action,Lazzy,70.09,25.43,8.13,10.44,2.52
934,"Potatoes - Purple, Organic",PS4,2004,Shooter,Izio,68.21,0.53,3.62,0.67,2.42
935,"Beef - Chuck, Boneless",Xbox One,2018,Sports,Pixope,66.94,15.33,10.12,3.7,0.15
936,Veal Inside - Provimi,PS4,2012,Action,Flipopia,81.11,5.6,8.39,7.09,8.42
937,"Lemonade - Natural, 591 Ml",Xbox One,1996,Action,Eadel,77.98,2.93,1.43,10.32,5.7
938,"Cheese - Manchego, Spanish",Xbox One,2013,Action,Twitterworks,49.26,17.97,4.57,4.49,4.0
939,Muffin - Bran Ind Wrpd,Xbox One,1982,Sports,Quinu,67.04,20.48,5.81,0.97,8.84
940,Vol Au Vents,Xbox One,1999,Shooter,Zoozzy,18.36,12.53,5.89,0.19,6.7
941,"Brocolinni - Gaylan, Chinese",Nintendo Switch,1991,Action,Pixonyx,39.52,11.28,8.46,1.66,7.05
942,Quiche Assorted,Nintendo Switch,1986,Shooter,Layo,76.62,16.78,2.07,9.04,5.32
943,Sole - Iqf,Nintendo Switch,2019,Action,Youspan,46.21,17.66,8.07,10.41,1.62
944,V8 - Tropical Blend,PS4,2000,Sports,Photojam,76.89,23.05,9.42,4.36,8.74
945,Cheese - Parmesan Grated,Xbox One,1997,Sports,Kare,74.94,14.0,4.38,0.4,9.58
946,Beef - Kobe Striploin,PS4,2016,Shooter,Yamia,55.8,9.36,3.65,2.12,6.64
947,Macaroons - Two Bite Choc,Xbox One,2007,Action,Vinder,55.23,11.15,2.27,6.46,3.16
948,"Wine - White, Chardonnay",Nintendo Switch,2006,Sports,Photofeed,53.3,11.66,5.24,2.43,3.34
949,Mushrooms - Honey,Xbox One,1990,Sports,Zoovu,71.01,13.3,3.06,9.79,8.39
950,Ocean Spray - Kiwi Strawberry,Xbox One,2017,Sports,Tekfly,6.53,13.29,4.72,7.02,10.14
951,Wine - German Riesling,PS4,2010,Sports,Flipbug,68.4,25.71,7.45,3.47,3.25
952,Coffee - Hazelnut Cream,PS4,1998,Action,Quatz,1.64,18.1,2.3,1.81,8.29
953,Wine - Sogrape Mateus Rose,Xbox One,1980,Action,Wikizz,23.28,3.21,7.67,2.59,9.78
954,Breadfruit,Nintendo Switch,2008,Sports,Aimbu,52.11,18.17,6.88,5.1,1.92
955,"Nut - Almond, Blanched, Ground",Nintendo Switch,2022,Action,Ozu,45.81,12.62,3.55,2.85,10.18
956,Sansho Powder,PS4,1994,Shooter,Edgeblab,65.51,16.29,1.52,3.75,1.01
957,Dome Lid Clear P92008h,PS4,2017,Shooter,Rhynoodle,81.51,11.67,4.16,5.99,7.05
958,Lychee,Xbox One,2018,Action,Plajo,82.22,0.23,2.75,0.07,7.88
959,"Coconut - Creamed, Pure",PS4,2001,Shooter,Dynabox,34.93,23.79,7.01,0.29,7.22
960,"Pepper - White, Ground",PS4,2013,Sports,Yodoo,38.04,21.2,2.33,10.18,1.02
961,"Mushroom - Porcini, Dry",PS4,2015,Shooter,Thoughtbeat,28.85,10.65,4.34,4.55,6.11
962,Dc - Frozen Momji,Nintendo Switch,1990,Shooter,Blognation,65.2,3.8,8.43,7.97,6.88
963,Mousse - Banana Chocolate,PS4,2002,Shooter,Zoonder,5.8,21.45,4.62,2.66,10.45
964,Wine - Sauvignon Blanc,PS4,1985,Sports,Centizu,38.02,8.95,5.41,5.72,6.5
965,Jello - Assorted,PS4,2005,Sports,Yotz,70.02,2.85,2.23,2.97,0.77
966,Container - Hngd Cll Blk 7x7x3,Nintendo Switch,1992,Action,Twimm,9.73,2.26,1.49,1.68,0.48
967,Skirt - 24 Foot,Xbox One,2007,Sports,Jaxworks,45.82,10.66,9.63,6.05,6.28
968,Bread Roll Foccacia,Nintendo Switch,1991,Shooter,Jabbercube,31.3,21.23,1.21,4.91,6.45
969,Southern Comfort,PS4,2018,Shooter,Dabshots,18.93,13.23,9.46,7.07,4.35
970,Plasticknivesblack,Xbox One,1995,Shooter,Divape,49.89,7.95,5.45,7.81,5.84
971,Chicken - Ground,PS4,1989,Action,InnoZ,26.82,21.92,9.38,2.31,6.62
972,Sterno - Chafing Dish Fuel,PS4,1989,Shooter,Quaxo,50.19,8.85,1.84,2.6,8.03
973,"Chocolate - Milk, Callets",Xbox One,2012,Shooter,Lazzy,59.56,2.06,9.77,4.81,4.19
974,"Water - Spring Water, 355 Ml",PS4,2007,Action,Ozu,22.14,23.22,1.67,2.82,2.27
975,Steam Pan - Half Size Deep,Xbox One,1988,Shooter,Eidel,59.32,28.47,5.21,2.3,4.7
976,Tray - 12in Rnd Blk,Xbox One,2016,Sports,Voonix,2.61,8.59,0.35,7.45,9.96
977,Curry Paste - Green Masala,PS4,1997,Action,Vimbo,13.29,21.26,6.75,7.23,1.55
978,Mushroom - Morel Frozen,PS4,2000,Action,Photobug,49.61,27.49,9.44,6.34,8.48
979,"Lemonade - Island Tea, 591 Ml",PS4,1995,Action,Kwideo,8.44,15.13,2.11,3.66,9.34
980,Miso Paste White,PS4,2005,Shooter,Brainverse,8.75,1.21,0.19,3.43,5.83
981,"Cherries - Maraschino,jar",Nintendo Switch,2005,Action,Brainbox,18.58,5.36,8.15,5.73,8.39
982,Eggwhite Frozen,Xbox One,2010,Shooter,Jabbersphere,77.21,6.52,7.43,6.55,4.42
983,Soup - Cream Of Broccoli,PS4,2006,Shooter,Fadeo,54.52,8.65,0.67,0.58,9.14
984,"Radish - Black, Winter, Organic",PS4,2005,Action,Demizz,3.84,18.38,7.83,5.28,9.34
985,Danishes - Mini Raspberry,PS4,2000,Action,Jetpulse,12.31,19.9,0.37,8.47,4.42
986,Lemonade - Pineapple Passion,Nintendo Switch,1984,Sports,Zoomcast,43.66,25.5,4.48,2.92,4.35
987,Beer - Rickards Red,Xbox One,2001,Sports,Skyble,63.42,5.94,5.35,7.74,4.54
988,Paper Towel Touchless,PS4,1986,Sports,Rooxo,31.59,24.43,4.92,9.27,0.41
989,Appetizer - Asian Shrimp Roll,Xbox One,2019,Sports,Yakitri,13.43,17.8,2.04,10.34,0.66
990,Fireball Whisky,PS4,2008,Action,Feedfish,46.86,22.6,4.23,8.74,6.95
991,Cabbage - Green,Xbox One,1989,Sports,Twitterlist,22.59,22.05,8.4,5.88,1.63
992,"Lettuce - Mini Greens, Whole",Nintendo Switch,1985,Sports,Browseblab,51.31,18.0,3.84,4.94,6.44
993,Wine - Barbera Alba Doc 2001,PS4,2001,Sports,Meejo,56.22,16.34,9.26,6.32,8.02
994,Apple - Granny Smith,Nintendo Switch,2019,Sports,Jayo,41.31,14.54,6.93,9.64,7.96
995,Sausage - Chorizo,Xbox One,1990,Action,Ntags,1.58,26.41,4.53,5.68,9.01
996,Shrimp - Black Tiger 16/20,Xbox One,1985,Sports,Edgewire,77.09,3.36,0.69,10.33,0.34
997,Muffin Mix - Morning Glory,Xbox One,2011,Shooter,Skyba,5.14,8.72,4.02,7.42,8.2
998,Muffin Orange Individual,PS4,1996,Action,Topicstorm,19.89,27.42,4.02,4.12,0.65
999,Sage - Ground,PS4,1997,Sports,Jabbertype,38.59,7.22,6.2,3.71,0.09
1000,Cheese - Swiss Sliced,Xbox One,1996,Action,Voonyx,58.61,21.83,5.89,2.65,0.5
